Area,Year,avg_temp
Afghanistan,1990,15.45
Afghanistan,1991,14.57
Afghanistan,1992,14.35
Afghanistan,1993,14.96
Afghanistan,1994,14.94
Afghanistan,1995,15.04
Afghanistan,1996,14.87
Afghanistan,1997,14.77
Afghanistan,1998,15.14
Afghanistan,1999,15.89
Afghanistan,2000,15.82
Afghanistan,2001,15.85
Afghanistan,2002,15.71
Afghanistan,2003,15.13
Afghanistan,2004,16.13
Afghanistan,2005,14.85
Afghanistan,2006,15.8
Afghanistan,2007,15.52
Afghanistan,2008,15.48
Afghanistan,2009,15.09
Afghanistan,2010,15.68
Afghanistan,2011,15.81
Afghanistan,2012,14.51
Afghanistan,2013,16.21
Albania,1990,16.37
Albania,1991,15.36
Albania,1992,16.06
Albania,1993,16.05
Albania,1994,16.96
Albania,1995,15.67
Albania,1996,15.64
Albania,1997,15.9
Albania,1998,16.27
Albania,1999,16.57
Albania,2000,16.67
Albania,2001,16.59
Albania,2002,16.47
Albania,2003,16.69
Albania,2004,16.16
Albania,2005,15.67
Albania,2006,15.92
Albania,2007,16.67
Albania,2008,16.71
Albania,2009,16.73
Albania,2010,16.52
Albania,2011,16.45
Albania,2012,16.7
Albania,2013,17.41
Algeria,1990,17.48
Algeria,1991,16.26
Algeria,1992,16.27
Algeria,1993,17.0
Algeria,1994,17.88
Algeria,1995,17.36
Algeria,1996,16.76
Algeria,1997,17.84
Algeria,1998,17.14
Algeria,1999,17.97
Algeria,2000,17.9
Algeria,2001,18.13
Algeria,2002,17.85
Algeria,2003,18.07
Algeria,2004,17.38
Algeria,2005,17.19
Algeria,2006,18.13
Algeria,2007,17.42
Algeria,2008,17.55
Algeria,2009,17.78
Algeria,2010,17.59
Algeria,2011,17.79
Algeria,2012,17.91
Algeria,2013,17.65
Angola,1990,24.12
Angola,1991,24.02
Angola,1992,23.96
Angola,1993,24.15
Angola,1994,24.04
Angola,1995,24.56
Angola,1996,24.11
Angola,1997,24.06
Angola,1998,24.96
Angola,1999,24.37
Angola,2000,24.41
Angola,2001,24.43
Angola,2002,24.79
Angola,2003,24.87
Angola,2004,24.22
Angola,2005,24.41
Angola,2006,24.14
Angola,2007,24.24
Angola,2008,24.27
Angola,2009,24.33
Angola,2010,24.44
Angola,2011,24.15
Angola,2012,24.24
Angola,2013,24.55
Argentina,1990,17.565
Argentina,1991,17.75
Argentina,1992,17.3
Argentina,1993,17.425
Argentina,1994,18.240000000000002
Argentina,1995,17.68
Argentina,1996,17.805
Argentina,1997,18.415
Argentina,1998,17.375
Argentina,1999,17.43
Argentina,2000,17.32
Argentina,2001,18.065
Argentina,2002,17.825
Argentina,2003,17.86
Argentina,2004,17.89
Argentina,2005,17.575
Argentina,2006,18.225
Argentina,2007,16.925
Argentina,2008,18.05
Argentina,2009,18.125
Argentina,2010,17.585
Argentina,2011,17.755
Argentina,2012,18.305
Argentina,2013,16.665
Armenia,1990,9.1
Armenia,1991,9.22
Armenia,1992,7.44
Armenia,1993,7.69
Armenia,1994,8.84
Armenia,1995,9.76
Armenia,1996,9.55
Armenia,1997,9.1
Armenia,1998,10.28
Armenia,1999,10.11
Armenia,2000,9.68
Armenia,2001,10.18
Armenia,2002,9.41
Armenia,2003,9.2
Armenia,2004,9.55
Armenia,2005,9.58
Armenia,2006,9.89
Armenia,2007,9.44
Armenia,2008,9.51
Armenia,2009,9.67
Armenia,2010,11.31
Armenia,2011,8.93
Armenia,2012,10.2
Armenia,2013,11.08
Australia,1990,16.441666666666666
Australia,1991,16.606666666666666
Australia,1992,15.905000000000001
Australia,1993,16.333333333333332
Australia,1994,16.278333333333332
Australia,1995,16.103333333333335
Australia,1996,16.116666666666667
Australia,1997,16.525000000000002
Australia,1998,16.653333333333332
Australia,1999,16.608333333333334
Australia,2000,16.669999999999998
Australia,2001,16.591666666666665
Australia,2002,16.676666666666666
Australia,2003,16.555
Australia,2004,16.648333333333333
Australia,2005,16.798333333333336
Australia,2006,16.69333333333333
Australia,2007,17.08
Australia,2008,16.45
Australia,2009,17.125
Australia,2010,16.79
Australia,2011,16.805
Australia,2012,16.666666666666668
Australia,2013,17.088333333333335
Austria,1990,9.23
Austria,1991,8.15
Austria,1992,9.49
Austria,1993,8.48
Austria,1994,9.89
Austria,1995,8.79
Austria,1996,7.4
Austria,1997,8.37
Austria,1998,9.01
Austria,1999,9.17
Austria,2000,10.08
Austria,2001,8.75
Austria,2002,9.62
Austria,2003,9.24
Austria,2004,8.76
Austria,2005,8.6
Austria,2006,9.13
Austria,2007,10.03
Austria,2008,9.96
Austria,2009,9.48
Austria,2010,8.36
Austria,2011,9.42
Austria,2012,9.42
Austria,2013,10.03
Azerbaijan,1990,12.01
Azerbaijan,1991,11.9
Azerbaijan,1992,10.93
Azerbaijan,1993,10.53
Azerbaijan,1994,11.32
Azerbaijan,1995,12.81
Azerbaijan,1996,11.96
Azerbaijan,1997,11.89
Azerbaijan,1998,12.79
Azerbaijan,1999,12.74
Azerbaijan,2000,12.61
Azerbaijan,2001,12.97
Azerbaijan,2002,12.45
Azerbaijan,2003,11.81
Azerbaijan,2004,12.76
Azerbaijan,2005,12.88
Azerbaijan,2006,12.66
Azerbaijan,2007,12.75
Azerbaijan,2008,12.3
Azerbaijan,2009,12.6
Azerbaijan,2010,13.85
Azerbaijan,2011,11.79
Azerbaijan,2012,13.0
Azerbaijan,2013,14.12
Bahamas,1990,25.74
Bahamas,1991,25.66
Bahamas,1992,25.1
Bahamas,1993,25.26
Bahamas,1994,25.73
Bahamas,1995,25.44
Bahamas,1996,25.06
Bahamas,1997,25.81
Bahamas,1998,25.94
Bahamas,1999,25.31
Bahamas,2000,25.16
Bahamas,2001,25.23
Bahamas,2002,25.79
Bahamas,2003,25.81
Bahamas,2004,25.46
Bahamas,2005,25.43
Bahamas,2006,25.34
Bahamas,2007,25.71
Bahamas,2008,25.63
Bahamas,2009,25.46
Bahamas,2010,24.77
Bahamas,2011,25.76
Bahamas,2012,25.46
Bahamas,2013,25.88
Bahrain,1990,26.26
Bahrain,1991,25.73
Bahrain,1992,25.09
Bahrain,1993,26.09
Bahrain,1994,26.66
Bahrain,1995,26.18
Bahrain,1996,26.76
Bahrain,1997,26.11
Bahrain,1998,27.54
Bahrain,1999,27.67
Bahrain,2000,26.99
Bahrain,2001,27.36
Bahrain,2002,27.19
Bahrain,2003,27.29
Bahrain,2004,27.07
Bahrain,2005,26.89
Bahrain,2006,27.15
Bahrain,2007,27.13
Bahrain,2008,26.96
Bahrain,2009,27.24
Bahrain,2010,28.0
Bahrain,2011,27.01
Bahrain,2012,27.45
Bahrain,2013,27.86
Bangladesh,1990,25.98
Bangladesh,1991,25.85
Bangladesh,1992,25.86
Bangladesh,1993,25.73
Bangladesh,1994,25.91
Bangladesh,1995,26.09
Bangladesh,1996,26.15
Bangladesh,1997,25.55
Bangladesh,1998,26.13
Bangladesh,1999,26.31
Bangladesh,2000,25.91
Bangladesh,2001,25.93
Bangladesh,2002,26.1
Bangladesh,2003,25.93
Bangladesh,2004,26.14
Bangladesh,2005,26.19
Bangladesh,2006,26.44
Bangladesh,2007,25.95
Bangladesh,2008,26.0
Bangladesh,2009,26.54
Bangladesh,2010,26.65
Bangladesh,2011,25.8
Bangladesh,2012,26.28
Bangladesh,2013,26.59
Belarus,1990,7.36
Belarus,1991,6.57
Belarus,1992,6.74
Belarus,1993,5.61
Belarus,1994,6.26
Belarus,1995,6.68
Belarus,1996,5.32
Belarus,1997,5.98
Belarus,1998,6.11
Belarus,1999,7.38
Belarus,2000,7.52
Belarus,2001,6.71
Belarus,2002,7.34
Belarus,2003,6.32
Belarus,2004,6.49
Belarus,2005,6.53
Belarus,2006,6.6
Belarus,2007,7.51
Belarus,2008,7.75
Belarus,2009,6.75
Belarus,2010,6.71
Belarus,2011,7.29
Belarus,2012,6.33
Belarus,2013,7.83
Belgium,1990,11.34
Belgium,1991,10.06
Belgium,1992,10.81
Belgium,1993,10.29
Belgium,1994,11.32
Belgium,1995,11.13
Belgium,1996,9.3
Belgium,1997,10.88
Belgium,1998,10.79
Belgium,1999,11.35
Belgium,2000,11.37
Belgium,2001,10.94
Belgium,2002,11.44
Belgium,2003,11.2
Belgium,2004,10.94
Belgium,2005,11.16
Belgium,2006,11.48
Belgium,2007,11.52
Belgium,2008,10.9
Belgium,2009,11.0
Belgium,2010,9.74
Belgium,2011,11.69
Belgium,2012,10.68
Belgium,2013,10.36
Bolivia,1990,9.24
Bolivia,1991,9.45
Bolivia,1992,9.47
Bolivia,1993,9.36
Bolivia,1994,9.59
Bolivia,1995,9.52
Bolivia,1996,8.94
Bolivia,1997,9.26
Bolivia,1998,9.83
Bolivia,1999,8.67
Bolivia,2000,8.93
Bolivia,2001,9.0
Bolivia,2002,9.29
Bolivia,2003,8.97
Bolivia,2004,9.41
Bolivia,2005,8.9
Bolivia,2006,9.19
Bolivia,2007,9.08
Bolivia,2008,8.85
Bolivia,2009,9.29
Bolivia,2010,9.6
Bolivia,2011,9.28
Bolivia,2012,9.26
Bolivia,2013,8.64
Bosnia And Herzegovina,1990,10.28
Bosnia And Herzegovina,1991,9.0
Bosnia And Herzegovina,1992,10.1
Bosnia And Herzegovina,1993,9.59
Bosnia And Herzegovina,1994,10.74
Bosnia And Herzegovina,1995,9.4
Bosnia And Herzegovina,1996,8.86
Bosnia And Herzegovina,1997,9.43
Bosnia And Herzegovina,1998,9.74
Bosnia And Herzegovina,1999,10.03
Bosnia And Herzegovina,2000,10.81
Bosnia And Herzegovina,2001,10.0
Bosnia And Herzegovina,2002,10.57
Bosnia And Herzegovina,2003,10.1
Bosnia And Herzegovina,2004,9.62
Bosnia And Herzegovina,2005,8.88
Bosnia And Herzegovina,2006,9.69
Bosnia And Herzegovina,2007,10.66
Bosnia And Herzegovina,2008,10.77
Bosnia And Herzegovina,2009,10.56
Bosnia And Herzegovina,2010,9.99
Bosnia And Herzegovina,2011,10.41
Bosnia And Herzegovina,2012,10.74
Bosnia And Herzegovina,2013,11.66
Botswana,1990,19.54
Botswana,1991,19.29
Botswana,1992,20.59
Botswana,1993,19.97
Botswana,1994,19.26
Botswana,1995,19.96
Botswana,1996,19.1
Botswana,1997,19.26
Botswana,1998,20.05
Botswana,1999,20.24
Botswana,2000,18.97
Botswana,2001,19.36
Botswana,2002,19.89
Botswana,2003,20.6
Botswana,2004,19.41
Botswana,2005,20.42
Botswana,2006,18.97
Botswana,2007,19.71
Botswana,2008,19.63
Botswana,2009,19.25
Botswana,2010,19.98
Botswana,2011,19.19
Botswana,2012,19.83
Botswana,2013,18.69
Brazil,1990,22.44363636363636
Brazil,1991,22.375454545454545
Brazil,1992,22.355454545454545
Brazil,1993,22.605454545454545
Brazil,1994,22.731818181818184
Brazil,1995,22.731818181818184
Brazil,1996,22.413636363636364
Brazil,1997,22.78
Brazil,1998,22.95
Brazil,1999,22.262727272727272
Brazil,2000,22.430909090909093
Brazil,2001,22.96
Brazil,2002,23.14909090909091
Brazil,2003,22.834545454545456
Brazil,2004,22.42818181818182
Brazil,2005,22.965454545454545
Brazil,2006,22.786363636363635
Brazil,2007,22.893636363636364
Brazil,2008,22.463636363636365
Brazil,2009,22.86090909090909
Brazil,2010,22.88181818181818
Brazil,2011,22.48909090909091
Brazil,2012,23.062727272727273
Brazil,2013,22.478181818181817
Bulgaria,1990,9.51
Bulgaria,1991,8.14
Bulgaria,1992,9.07
Bulgaria,1993,9.0
Bulgaria,1994,10.23
Bulgaria,1995,8.69
Bulgaria,1996,8.44
Bulgaria,1997,8.26
Bulgaria,1998,9.16
Bulgaria,1999,9.67
Bulgaria,2000,9.9
Bulgaria,2001,9.55
Bulgaria,2002,9.6
Bulgaria,2003,9.01
Bulgaria,2004,9.18
Bulgaria,2005,8.58
Bulgaria,2006,9.08
Bulgaria,2007,10.23
Bulgaria,2008,9.9
Bulgaria,2009,9.74
Bulgaria,2010,9.65
Bulgaria,2011,9.17
Bulgaria,2012,9.99
Bulgaria,2013,11.26
Burkina Faso,1990,28.77
Burkina Faso,1991,28.4
Burkina Faso,1992,28.06
Burkina Faso,1993,28.58
Burkina Faso,1994,28.0
Burkina Faso,1995,28.46
Burkina Faso,1996,28.74
Burkina Faso,1997,28.52
Burkina Faso,1998,28.95
Burkina Faso,1999,28.45
Burkina Faso,2000,28.6
Burkina Faso,2001,28.77
Burkina Faso,2002,28.97
Burkina Faso,2003,28.83
Burkina Faso,2004,28.9
Burkina Faso,2005,29.18
Burkina Faso,2006,28.92
Burkina Faso,2007,28.96
Burkina Faso,2008,28.4
Burkina Faso,2009,29.05
Burkina Faso,2010,29.17
Burkina Faso,2011,29.03
Burkina Faso,2012,28.67
Burkina Faso,2013,29.41
Burundi,1990,21.15
Burundi,1991,20.97
Burundi,1992,21.31
Burundi,1993,21.17
Burundi,1994,21.25
Burundi,1995,21.55
Burundi,1996,21.18
Burundi,1997,21.51
Burundi,1998,21.56
Burundi,1999,21.01
Burundi,2000,21.32
Burundi,2001,21.24
Burundi,2002,21.45
Burundi,2003,21.65
Burundi,2004,21.71
Burundi,2005,22.29
Burundi,2006,21.83
Burundi,2007,21.28
Burundi,2008,21.29
Burundi,2009,21.42
Burundi,2010,21.75
Burundi,2011,21.23
Burundi,2012,21.44
Burundi,2013,21.53
Cameroon,1990,25.08
Cameroon,1991,24.99
Cameroon,1992,24.6
Cameroon,1993,24.9
Cameroon,1994,24.93
Cameroon,1995,25.21
Cameroon,1996,25.0
Cameroon,1997,24.98
Cameroon,1998,25.66
Cameroon,1999,24.97
Cameroon,2000,24.88
Cameroon,2001,25.01
Cameroon,2002,25.26
Cameroon,2003,25.3
Cameroon,2004,25.42
Cameroon,2005,25.36
Cameroon,2006,25.39
Cameroon,2007,25.49
Cameroon,2008,25.42
Cameroon,2009,25.54
Cameroon,2010,25.7
Cameroon,2011,25.25
Cameroon,2012,25.18
Cameroon,2013,25.45
Canada,1990,7.425
Canada,1991,7.428333333333334
Canada,1992,6.16
Canada,1993,6.105
Canada,1994,6.271666666666666
Canada,1995,6.81
Canada,1996,6.2683333333333335
Canada,1997,6.261666666666667
Canada,1998,8.424999999999999
Canada,1999,7.664999999999999
Canada,2000,6.608333333333333
Canada,2001,7.683333333333334
Canada,2002,7.401666666666666
Canada,2003,6.458333333333333
Canada,2004,6.728333333333334
Canada,2005,7.336666666666667
Canada,2006,7.983333333333333
Canada,2007,6.926666666666667
Canada,2008,6.77
Canada,2009,6.593333333333334
Canada,2010,8.008333333333333
Canada,2011,7.471666666666667
Canada,2012,8.323333333333332
Canada,2013,8.758333333333333
Central African Republic,1990,25.42
Central African Republic,1991,25.45
Central African Republic,1992,24.81
Central African Republic,1993,25.14
Central African Republic,1994,25.39
Central African Republic,1995,25.5
Central African Republic,1996,25.32
Central African Republic,1997,25.69
Central African Republic,1998,25.96
Central African Republic,1999,25.05
Central African Republic,2000,25.4
Central African Republic,2001,25.28
Central African Republic,2002,25.44
Central African Republic,2003,25.53
Central African Republic,2004,25.67
Central African Republic,2005,25.92
Central African Republic,2006,25.85
Central African Republic,2007,25.88
Central African Republic,2008,25.76
Central African Republic,2009,26.17
Central African Republic,2010,26.06
Central African Republic,2011,25.23
Central African Republic,2012,25.28
Central African Republic,2013,25.69
Chile,1990,9.495000000000001
Chile,1991,9.685
Chile,1992,9.45
Chile,1993,9.71
Chile,1994,10.06
Chile,1995,9.71
Chile,1996,9.71
Chile,1997,10.23
Chile,1998,9.735
Chile,1999,9.585
Chile,2000,9.47
Chile,2001,9.785
Chile,2002,9.6
Chile,2003,10.004999999999999
Chile,2004,9.879999999999999
Chile,2005,9.64
Chile,2006,10.015
Chile,2007,8.91
Chile,2008,10.129999999999999
Chile,2009,9.87
Chile,2010,9.41
Chile,2011,9.76
Chile,2012,10.15
Chile,2013,9.505
China,1990,13.695294117647059
China,1991,13.054117647058822
China,1992,12.958235294117646
China,1993,12.85
China,1994,13.700882352941177
China,1995,13.248823529411764
China,1996,12.924999999999999
China,1997,13.521176470588236
China,1998,14.178529411764705
China,1999,13.702941176470588
China,2000,13.320882352941176
China,2001,13.504411764705882
China,2002,13.858235294117648
China,2003,13.547647058823529
China,2004,13.797647058823529
China,2005,13.330294117647059
China,2006,13.92470588235294
China,2007,14.188529411764705
China,2008,13.543529411764707
China,2009,13.638823529411766
China,2010,13.303823529411764
China,2011,13.181764705882353
China,2012,13.078823529411764
China,2013,14.766176470588235
Colombia,1990,24.81
Colombia,1991,24.915
Colombia,1992,25.025
Colombia,1993,24.855
Colombia,1994,24.75
Colombia,1995,24.785
Colombia,1996,24.595
Colombia,1997,25.22
Colombia,1998,25.37
Colombia,1999,24.299999999999997
Colombia,2000,24.495
Colombia,2001,24.89
Colombia,2002,25.25
Colombia,2003,25.2
Colombia,2004,24.965
Colombia,2005,25.125
Colombia,2006,25.055
Colombia,2007,24.965
Colombia,2008,24.615000000000002
Colombia,2009,25.275
Colombia,2010,25.11
Colombia,2011,24.755
Colombia,2012,25.07
Colombia,2013,25.225
Congo,1990,23.97
Congo,1991,24.24
Congo,1992,23.89
Congo,1993,24.31
Congo,1994,24.27
Congo,1995,24.37
Congo,1996,24.09
Congo,1997,24.33
Congo,1998,24.99
Congo,1999,24.34
Congo,2000,24.18
Congo,2001,24.25
Congo,2002,24.63
Congo,2003,24.64
Congo,2004,24.66
Congo,2005,24.71
Congo,2006,24.59
Congo,2007,24.57
Congo,2008,24.52
Congo,2009,24.58
Congo,2010,24.9
Congo,2011,24.2
Congo,2012,24.21
Congo,2013,24.41
Congo (Democratic Republic Of The),1990,22.72
Congo (Democratic Republic Of The),1991,22.575
Congo (Democratic Republic Of The),1992,22.745
Congo (Democratic Republic Of The),1993,22.63
Congo (Democratic Republic Of The),1994,22.725
Congo (Democratic Republic Of The),1995,22.990000000000002
Congo (Democratic Republic Of The),1996,22.725
Congo (Democratic Republic Of The),1997,22.85
Congo (Democratic Republic Of The),1998,23.31
Congo (Democratic Republic Of The),1999,22.575
Congo (Democratic Republic Of The),2000,22.6
Congo (Democratic Republic Of The),2001,22.7
Congo (Democratic Republic Of The),2002,23.119999999999997
Congo (Democratic Republic Of The),2003,23.035
Congo (Democratic Republic Of The),2004,22.935000000000002
Congo (Democratic Republic Of The),2005,23.435000000000002
Congo (Democratic Republic Of The),2006,22.93
Congo (Democratic Republic Of The),2007,22.86
Congo (Democratic Republic Of The),2008,22.715
Congo (Democratic Republic Of The),2009,22.795
Congo (Democratic Republic Of The),2010,23.244999999999997
Congo (Democratic Republic Of The),2011,22.665
Congo (Democratic Republic Of The),2012,22.65
Congo (Democratic Republic Of The),2013,22.485
Croatia,1990,10.56
Croatia,1991,9.58
Croatia,1992,10.78
Croatia,1993,10.19
Croatia,1994,11.33
Croatia,1995,10.14
Croatia,1996,9.24
Croatia,1997,10.18
Croatia,1998,10.42
Croatia,1999,10.51
Croatia,2000,11.45
Croatia,2001,10.74
Croatia,2002,11.18
Croatia,2003,10.83
Croatia,2004,10.06
Croatia,2005,9.62
Croatia,2006,10.56
Croatia,2007,11.31
Croatia,2008,11.09
Croatia,2009,11.06
Croatia,2010,10.0
Croatia,2011,11.02
Croatia,2012,11.12
Croatia,2013,11.58
Czech Republic,1990,9.76
Czech Republic,1991,8.45
Czech Republic,1992,9.72
Czech Republic,1993,8.76
Czech Republic,1994,9.97
Czech Republic,1995,9.02
Czech Republic,1996,7.28
Czech Republic,1997,8.82
Czech Republic,1998,9.36
Czech Republic,1999,9.64
Czech Republic,2000,10.3
Czech Republic,2001,8.98
Czech Republic,2002,9.73
Czech Republic,2003,9.51
Czech Republic,2004,9.17
Czech Republic,2005,9.12
Czech Republic,2006,9.67
Czech Republic,2007,10.25
Czech Republic,2008,9.91
Czech Republic,2009,9.47
Czech Republic,2010,8.13
Czech Republic,2011,9.84
Czech Republic,2012,9.51
Czech Republic,2013,9.57
Côte D'Ivoire,1990,26.375
Côte D'Ivoire,1991,26.225
Côte D'Ivoire,1992,26.1
Côte D'Ivoire,1993,26.225
Côte D'Ivoire,1994,26.225
Côte D'Ivoire,1995,26.47
Côte D'Ivoire,1996,26.27
Côte D'Ivoire,1997,26.325
Côte D'Ivoire,1998,26.935000000000002
Côte D'Ivoire,1999,26.395
Côte D'Ivoire,2000,26.36
Côte D'Ivoire,2001,26.48
Côte D'Ivoire,2002,26.59
Côte D'Ivoire,2003,26.795
Côte D'Ivoire,2004,26.725
Côte D'Ivoire,2005,26.740000000000002
Côte D'Ivoire,2006,26.685
Côte D'Ivoire,2007,26.8
Côte D'Ivoire,2008,26.67
Côte D'Ivoire,2009,26.785
Côte D'Ivoire,2010,27.075
Côte D'Ivoire,2011,26.73
Côte D'Ivoire,2012,26.48
Côte D'Ivoire,2013,26.96
Denmark,1990,9.83
Denmark,1991,8.62
Denmark,1992,9.47
Denmark,1993,8.16
Denmark,1994,9.15
Denmark,1995,8.75
Denmark,1996,7.31
Denmark,1997,8.91
Denmark,1998,8.65
Denmark,1999,9.37
Denmark,2000,9.67
Denmark,2001,8.78
Denmark,2002,9.54
Denmark,2003,9.05
Denmark,2004,9.0
Denmark,2005,9.11
Denmark,2006,9.74
Denmark,2007,9.87
Denmark,2008,9.82
Denmark,2009,9.22
Denmark,2010,7.54
Denmark,2011,9.31
Denmark,2012,8.7
Denmark,2013,8.81
Dominican Republic,1990,26.64
Dominican Republic,1991,26.5
Dominican Republic,1992,26.424999999999997
Dominican Republic,1993,26.395
Dominican Republic,1994,26.71
Dominican Republic,1995,26.8
Dominican Republic,1996,26.299999999999997
Dominican Republic,1997,27.095
Dominican Republic,1998,27.15
Dominican Republic,1999,26.64
Dominican Republic,2000,26.36
Dominican Republic,2001,26.79
Dominican Republic,2002,27.064999999999998
Dominican Republic,2003,27.125
Dominican Republic,2004,26.77
Dominican Republic,2005,26.965
Dominican Republic,2006,27.045
Dominican Republic,2007,27.1
Dominican Republic,2008,26.66
Dominican Republic,2009,26.895
Dominican Republic,2010,26.97
Dominican Republic,2011,26.725
Dominican Republic,2012,26.855
Dominican Republic,2013,26.695
Ecuador,1990,20.513333333333335
Ecuador,1991,20.56
Ecuador,1992,20.6
Ecuador,1993,20.476666666666667
Ecuador,1994,20.22
Ecuador,1995,20.616666666666667
Ecuador,1996,20.08666666666667
Ecuador,1997,21.233333333333334
Ecuador,1998,21.143333333333334
Ecuador,1999,19.886666666666667
Ecuador,2000,19.953333333333333
Ecuador,2001,20.26
Ecuador,2002,20.826666666666668
Ecuador,2003,20.746666666666666
Ecuador,2004,20.7
Ecuador,2005,20.566666666666666
Ecuador,2006,20.666666666666668
Ecuador,2007,20.37
Ecuador,2008,20.256666666666664
Ecuador,2009,20.73
Ecuador,2010,20.69
Ecuador,2011,20.436666666666667
Ecuador,2012,20.493333333333336
Ecuador,2013,20.303333333333335
Egypt,1990,21.165
Egypt,1991,21.145
Egypt,1992,20.6
Egypt,1993,21.265
Egypt,1994,21.560000000000002
Egypt,1995,21.09
Egypt,1996,21.365000000000002
Egypt,1997,20.985
Egypt,1998,21.825
Egypt,1999,21.87
Egypt,2000,21.115
Egypt,2001,21.89
Egypt,2002,21.935000000000002
Egypt,2003,21.695
Egypt,2004,21.57
Egypt,2005,21.545
Egypt,2006,21.6
Egypt,2007,21.935000000000002
Egypt,2008,22.189999999999998
Egypt,2009,22.15
Egypt,2010,23.09
Egypt,2011,21.585
Egypt,2012,22.015
Egypt,2013,22.175
El Salvador,1990,26.06
El Salvador,1991,26.08
El Salvador,1992,26.22
El Salvador,1993,26.12
El Salvador,1994,26.33
El Salvador,1995,26.05
El Salvador,1996,25.77
El Salvador,1997,26.48
El Salvador,1998,26.48
El Salvador,1999,25.67
El Salvador,2000,25.78
El Salvador,2001,25.92
El Salvador,2002,26.12
El Salvador,2003,26.24
El Salvador,2004,26.2
El Salvador,2005,26.07
El Salvador,2006,26.14
El Salvador,2007,26.02
El Salvador,2008,25.71
El Salvador,2009,26.21
El Salvador,2010,25.96
El Salvador,2011,25.95
El Salvador,2012,26.04
El Salvador,2013,26.36
Equatorial Guinea,1990,25.93
Equatorial Guinea,1991,25.87
Equatorial Guinea,1992,25.5
Equatorial Guinea,1993,25.77
Equatorial Guinea,1994,25.79
Equatorial Guinea,1995,26.08
Equatorial Guinea,1996,25.87
Equatorial Guinea,1997,25.83
Equatorial Guinea,1998,26.52
Equatorial Guinea,1999,25.87
Equatorial Guinea,2000,25.8
Equatorial Guinea,2001,25.8
Equatorial Guinea,2002,26.09
Equatorial Guinea,2003,26.18
Equatorial Guinea,2004,26.31
Equatorial Guinea,2005,26.24
Equatorial Guinea,2006,26.33
Equatorial Guinea,2007,26.38
Equatorial Guinea,2008,26.26
Equatorial Guinea,2009,26.45
Equatorial Guinea,2010,26.57
Equatorial Guinea,2011,26.21
Equatorial Guinea,2012,26.1
Equatorial Guinea,2013,26.35
Eritrea,1990,24.76
Eritrea,1991,24.47
Eritrea,1992,23.66
Eritrea,1993,24.09
Eritrea,1994,24.13
Eritrea,1995,24.37
Eritrea,1996,24.36
Eritrea,1997,24.32
Eritrea,1998,24.78
Eritrea,1999,24.68
Eritrea,2000,24.76
Eritrea,2001,24.61
Eritrea,2002,24.86
Eritrea,2003,24.98
Eritrea,2004,24.79
Eritrea,2005,24.85
Eritrea,2006,24.7
Eritrea,2007,24.7
Eritrea,2008,24.79
Eritrea,2009,25.3
Eritrea,2010,25.22
Eritrea,2011,24.78
Eritrea,2012,25.16
Eritrea,2013,25.87
Estonia,1990,6.83
Estonia,1991,6.32
Estonia,1992,6.51
Estonia,1993,5.26
Estonia,1994,5.35
Estonia,1995,6.23
Estonia,1996,4.63
Estonia,1997,5.95
Estonia,1998,5.5
Estonia,1999,6.55
Estonia,2000,7.12
Estonia,2001,6.08
Estonia,2002,6.34
Estonia,2003,5.74
Estonia,2004,6.03
Estonia,2005,6.04
Estonia,2006,6.7
Estonia,2007,6.97
Estonia,2008,7.39
Estonia,2009,6.14
Estonia,2010,5.06
Estonia,2011,6.98
Estonia,2012,5.57
Estonia,2013,7.28
Finland,1990,6.07
Finland,1991,5.62
Finland,1992,5.8
Finland,1993,4.74
Finland,1994,4.66
Finland,1995,5.63
Finland,1996,4.2
Finland,1997,5.36
Finland,1998,4.71
Finland,1999,5.7
Finland,2000,6.57
Finland,2001,5.35
Finland,2002,5.54
Finland,2003,5.02
Finland,2004,5.4
Finland,2005,5.8
Finland,2006,5.91
Finland,2007,6.23
Finland,2008,6.77
Finland,2009,5.49
Finland,2010,4.36
Finland,2011,6.38
Finland,2012,5.12
Finland,2013,6.17
France,1990,11.96
France,1991,10.6
France,1992,11.15
France,1993,10.7
France,1994,11.96
France,1995,11.69
France,1996,10.14
France,1997,11.59
France,1998,11.25
France,1999,11.83
France,2000,11.74
France,2001,11.37
France,2002,11.87
France,2003,11.91
France,2004,11.34
France,2005,11.55
France,2006,11.79
France,2007,11.75
France,2008,11.28
France,2009,11.46
France,2010,10.41
France,2011,12.33
France,2012,11.22
France,2013,11.01
Gabon,1990,26.31
Gabon,1991,26.27
Gabon,1992,25.95
Gabon,1993,26.27
Gabon,1994,26.33
Gabon,1995,26.68
Gabon,1996,26.25
Gabon,1997,26.37
Gabon,1998,27.06
Gabon,1999,26.44
Gabon,2000,26.3
Gabon,2001,26.27
Gabon,2002,26.61
Gabon,2003,26.73
Gabon,2004,26.63
Gabon,2005,26.64
Gabon,2006,26.86
Gabon,2007,26.86
Gabon,2008,26.78
Gabon,2009,26.97
Gabon,2010,26.9
Gabon,2011,26.63
Gabon,2012,26.62
Gabon,2013,26.73
Georgia,1990,9.1
Georgia,1991,9.22
Georgia,1992,7.44
Georgia,1993,7.69
Georgia,1994,8.84
Georgia,1995,9.76
Georgia,1996,9.55
Georgia,1997,9.1
Georgia,1998,10.28
Georgia,1999,10.11
Georgia,2000,9.68
Georgia,2001,10.18
Georgia,2002,9.41
Georgia,2003,9.2
Georgia,2004,9.55
Georgia,2005,9.58
Georgia,2006,9.89
Georgia,2007,9.44
Georgia,2008,9.51
Georgia,2009,9.67
Georgia,2010,11.31
Georgia,2011,8.93
Georgia,2012,10.2
Georgia,2013,11.08
Germany,1990,8.903333333333334
Germany,1991,7.6933333333333325
Germany,1992,8.71
Germany,1993,7.746666666666667
Germany,1994,8.933333333333334
Germany,1995,8.08
Germany,1996,6.596666666666667
Germany,1997,8.263333333333334
Germany,1998,8.340000000000002
Germany,1999,8.716666666666667
Germany,2000,9.136666666666667
Germany,2001,8.156666666666666
Germany,2002,8.793333333333333
Germany,2003,8.556666666666667
Germany,2004,8.243333333333334
Germany,2005,8.17
Germany,2006,8.88
Germany,2007,9.176666666666668
Germany,2008,8.88
Germany,2009,8.52
Germany,2010,7.1433333333333335
Germany,2011,8.950000000000001
Germany,2012,8.346666666666666
Germany,2013,8.43
Ghana,1990,26.73
Ghana,1991,26.6
Ghana,1992,26.47
Ghana,1993,26.67
Ghana,1994,26.62
Ghana,1995,26.87
Ghana,1996,26.61
Ghana,1997,26.58
Ghana,1998,27.28
Ghana,1999,26.74
Ghana,2000,26.83
Ghana,2001,26.76
Ghana,2002,26.92
Ghana,2003,27.14
Ghana,2004,27.02
Ghana,2005,27.06
Ghana,2006,27.1
Ghana,2007,27.16
Ghana,2008,26.98
Ghana,2009,27.14
Ghana,2010,27.57
Ghana,2011,27.11
Ghana,2012,26.86
Ghana,2013,27.24
Greece,1990,18.05
Greece,1991,17.07
Greece,1992,17.13
Greece,1993,17.53
Greece,1994,18.47
Greece,1995,17.82
Greece,1996,17.46
Greece,1997,17.35
Greece,1998,18.15
Greece,1999,18.82
Greece,2000,18.2
Greece,2001,18.67
Greece,2002,18.33
Greece,2003,17.95
Greece,2004,18.07
Greece,2005,17.91
Greece,2006,17.78
Greece,2007,18.67
Greece,2008,18.61
Greece,2009,18.52
Greece,2010,19.3
Greece,2011,17.67
Greece,2012,18.82
Greece,2013,19.36
Guatemala,1990,19.64
Guatemala,1991,19.91
Guatemala,1992,19.89
Guatemala,1993,19.85
Guatemala,1994,20.08
Guatemala,1995,19.98
Guatemala,1996,19.48
Guatemala,1997,20.16
Guatemala,1998,20.36
Guatemala,1999,19.44
Guatemala,2000,19.47
Guatemala,2001,19.62
Guatemala,2002,19.93
Guatemala,2003,20.12
Guatemala,2004,19.85
Guatemala,2005,19.99
Guatemala,2006,19.88
Guatemala,2007,19.9
Guatemala,2008,19.51
Guatemala,2009,19.99
Guatemala,2010,19.85
Guatemala,2011,19.85
Guatemala,2012,19.88
Guatemala,2013,20.37
Guinea,1990,27.08
Guinea,1991,27.22
Guinea,1992,27.02
Guinea,1993,27.25
Guinea,1994,27.03
Guinea,1995,27.23
Guinea,1996,27.33
Guinea,1997,27.3
Guinea,1998,27.63
Guinea,1999,27.12
Guinea,2000,27.12
Guinea,2001,27.36
Guinea,2002,27.53
Guinea,2003,27.43
Guinea,2004,27.56
Guinea,2005,27.66
Guinea,2006,27.2
Guinea,2007,27.28
Guinea,2008,27.61
Guinea,2009,27.37
Guinea,2010,27.8
Guinea,2011,27.51
Guinea,2012,27.28
Guinea,2013,27.29
Guinea Bissau,1990,27.66
Guinea Bissau,1991,27.69
Guinea Bissau,1992,27.54
Guinea Bissau,1993,27.77
Guinea Bissau,1994,27.48
Guinea Bissau,1995,27.66
Guinea Bissau,1996,27.79
Guinea Bissau,1997,27.68
Guinea Bissau,1998,28.26
Guinea Bissau,1999,27.42
Guinea Bissau,2000,27.58
Guinea Bissau,2001,27.95
Guinea Bissau,2002,28.1
Guinea Bissau,2003,27.77
Guinea Bissau,2004,27.93
Guinea Bissau,2005,28.24
Guinea Bissau,2006,27.64
Guinea Bissau,2007,27.83
Guinea Bissau,2008,27.88
Guinea Bissau,2009,27.64
Guinea Bissau,2010,28.21
Guinea Bissau,2011,27.81
Guinea Bissau,2012,27.8
Guinea Bissau,2013,28.36
Guyana,1990,27.07
Guyana,1991,26.95
Guyana,1992,27.13
Guyana,1993,26.95
Guyana,1994,27.12
Guyana,1995,27.57
Guyana,1996,27.11
Guyana,1997,27.25
Guyana,1998,27.71
Guyana,1999,27.16
Guyana,2000,27.05
Guyana,2001,27.27
Guyana,2002,27.17
Guyana,2003,27.63
Guyana,2004,27.45
Guyana,2005,27.71
Guyana,2006,27.49
Guyana,2007,27.3
Guyana,2008,27.31
Guyana,2009,27.67
Guyana,2010,27.87
Guyana,2011,27.43
Guyana,2012,27.42
Guyana,2013,27.3
Haiti,1990,27.11
Haiti,1991,27.01
Haiti,1992,26.81
Haiti,1993,26.78
Haiti,1994,27.28
Haiti,1995,27.3
Haiti,1996,26.85
Haiti,1997,27.74
Haiti,1998,27.57
Haiti,1999,27.01
Haiti,2000,26.76
Haiti,2001,27.21
Haiti,2002,27.42
Haiti,2003,27.5
Haiti,2004,27.37
Haiti,2005,27.35
Haiti,2006,27.41
Haiti,2007,27.47
Haiti,2008,27.08
Haiti,2009,27.35
Haiti,2010,27.19
Haiti,2011,27.1
Haiti,2012,27.2
Haiti,2013,27.2
Honduras,1990,24.53
Honduras,1991,24.61
Honduras,1992,24.77
Honduras,1993,24.58
Honduras,1994,24.87
Honduras,1995,24.95
Honduras,1996,24.39
Honduras,1997,25.03
Honduras,1998,25.37
Honduras,1999,24.41
Honduras,2000,24.43
Honduras,2001,24.4
Honduras,2002,24.61
Honduras,2003,24.78
Honduras,2004,24.68
Honduras,2005,24.77
Honduras,2006,24.88
Honduras,2007,24.55
Honduras,2008,24.25
Honduras,2009,24.77
Honduras,2010,24.49
Honduras,2011,24.63
Honduras,2012,24.47
Honduras,2013,24.86
Hong Kong,1990,22.16
Hong Kong,1991,22.04
Hong Kong,1992,21.31
Hong Kong,1993,21.43
Hong Kong,1994,21.91
Hong Kong,1995,21.27
Hong Kong,1996,21.51
Hong Kong,1997,21.65
Hong Kong,1998,22.48
Hong Kong,1999,22.15
Hong Kong,2000,21.92
Hong Kong,2001,22.06
Hong Kong,2002,22.37
Hong Kong,2003,22.21
Hong Kong,2004,22.0
Hong Kong,2005,21.85
Hong Kong,2006,22.23
Hong Kong,2007,22.31
Hong Kong,2008,21.66
Hong Kong,2009,22.2
Hong Kong,2010,21.8
Hong Kong,2011,21.53
Hong Kong,2012,21.83
Hong Kong,2013,22.8
Hungary,1990,10.96
Hungary,1991,9.66
Hungary,1992,11.01
Hungary,1993,10.22
Hungary,1994,11.58
Hungary,1995,10.34
Hungary,1996,9.44
Hungary,1997,9.89
Hungary,1998,10.35
Hungary,1999,10.64
Hungary,2000,11.69
Hungary,2001,10.47
Hungary,2002,11.43
Hungary,2003,10.51
Hungary,2004,10.37
Hungary,2005,10.05
Hungary,2006,10.67
Hungary,2007,11.82
Hungary,2008,11.55
Hungary,2009,11.48
Hungary,2010,10.35
Hungary,2011,10.92
Hungary,2012,11.31
Hungary,2013,12.44
India,1990,25.604545454545452
India,1991,25.752272727272725
India,1992,25.719545454545457
India,1993,25.920454545454547
India,1994,25.717272727272725
India,1995,25.900454545454544
India,1996,25.839545454545455
India,1997,25.346363636363638
India,1998,26.125454545454545
India,1999,26.096363636363638
India,2000,25.991363636363634
India,2001,25.957727272727276
India,2002,26.45590909090909
India,2003,26.053181818181816
India,2004,26.159545454545455
India,2005,25.895454545454548
India,2006,26.203636363636363
India,2007,26.078181818181818
India,2008,25.765454545454546
India,2009,26.612727272727273
India,2010,26.579090909090908
India,2011,25.79909090909091
India,2012,26.017272727272726
India,2013,26.75181818181818
Indonesia,1990,26.828333333333333
Indonesia,1991,26.683333333333334
Indonesia,1992,26.743333333333336
Indonesia,1993,26.833333333333332
Indonesia,1994,26.73
Indonesia,1995,26.838333333333335
Indonesia,1996,26.84
Indonesia,1997,27.01
Indonesia,1998,27.343333333333334
Indonesia,1999,26.700000000000003
Indonesia,2000,26.866666666666664
Indonesia,2001,26.911666666666665
Indonesia,2002,27.125
Indonesia,2003,27.121666666666666
Indonesia,2004,27.10666666666667
Indonesia,2005,27.10166666666667
Indonesia,2006,27.05666666666667
Indonesia,2007,26.918333333333333
Indonesia,2008,26.748333333333335
Indonesia,2009,27.075
Indonesia,2010,27.076666666666668
Indonesia,2011,26.83666666666667
Indonesia,2012,27.026666666666667
Indonesia,2013,27.015
Iran,1990,14.636666666666665
Iran,1991,14.36
Iran,1992,13.14
Iran,1993,13.733333333333334
Iran,1994,14.516666666666666
Iran,1995,14.816666666666665
Iran,1996,14.75
Iran,1997,14.54
Iran,1998,15.403333333333334
Iran,1999,15.469999999999999
Iran,2000,15.206666666666665
Iran,2001,15.75
Iran,2002,15.216666666666667
Iran,2003,15.033333333333333
Iran,2004,15.206666666666669
Iran,2005,14.996666666666668
Iran,2006,15.39
Iran,2007,14.87
Iran,2008,15.036666666666667
Iran,2009,15.246666666666664
Iran,2010,16.496666666666666
Iran,2011,14.896666666666667
Iran,2012,15.18
Iran,2013,16.763333333333332
Iraq,1990,21.585
Iraq,1991,21.445
Iraq,1992,19.64
Iraq,1993,20.805
Iraq,1994,21.744999999999997
Iraq,1995,21.59
Iraq,1996,22.045
Iraq,1997,20.985
Iraq,1998,22.49
Iraq,1999,22.635
Iraq,2000,22.09
Iraq,2001,22.625
Iraq,2002,21.93
Iraq,2003,22.035
Iraq,2004,21.86
Iraq,2005,21.77
Iraq,2006,21.97
Iraq,2007,22.020000000000003
Iraq,2008,22.275
Iraq,2009,22.065
Iraq,2010,23.729999999999997
Iraq,2011,21.61
Iraq,2012,22.52
Iraq,2013,23.455
Ireland,1990,9.59
Ireland,1991,9.07
Ireland,1992,9.07
Ireland,1993,8.85
Ireland,1994,9.13
Ireland,1995,9.75
Ireland,1996,8.85
Ireland,1997,9.95
Ireland,1998,9.71
Ireland,1999,9.75
Ireland,2000,9.43
Ireland,2001,9.27
Ireland,2002,9.75
Ireland,2003,9.8
Ireland,2004,9.77
Ireland,2005,9.91
Ireland,2006,10.0
Ireland,2007,10.11
Ireland,2008,9.42
Ireland,2009,9.47
Ireland,2010,8.38
Ireland,2011,9.76
Ireland,2012,9.28
Ireland,2013,9.28
Italy,1990,10.4
Italy,1991,9.665000000000001
Italy,1992,10.325
Italy,1993,10.07
Italy,1994,10.96
Italy,1995,9.95
Italy,1996,9.67
Italy,1997,10.655000000000001
Italy,1998,10.365
Italy,1999,10.295
Italy,2000,10.775
Italy,2001,10.530000000000001
Italy,2002,10.645
Italy,2003,11.085
Italy,2004,10.245000000000001
Italy,2005,9.745000000000001
Italy,2006,10.51
Italy,2007,10.86
Italy,2008,10.46
Italy,2009,10.695
Italy,2010,9.84
Italy,2011,11.07
Italy,2012,10.75
Italy,2013,10.82
Jamaica,1990,27.28
Jamaica,1991,27.24
Jamaica,1992,27.25
Jamaica,1993,27.02
Jamaica,1994,27.48
Jamaica,1995,27.4
Jamaica,1996,26.98
Jamaica,1997,27.8
Jamaica,1998,27.8
Jamaica,1999,27.12
Jamaica,2000,26.96
Jamaica,2001,27.27
Jamaica,2002,27.51
Jamaica,2003,27.62
Jamaica,2004,27.47
Jamaica,2005,27.34
Jamaica,2006,27.58
Jamaica,2007,27.61
Jamaica,2008,27.17
Jamaica,2009,27.42
Jamaica,2010,27.09
Jamaica,2011,27.17
Jamaica,2012,27.51
Jamaica,2013,27.41
Japan,1990,15.571666666666667
Japan,1991,14.756666666666668
Japan,1992,14.61
Japan,1993,14.049999999999999
Japan,1994,15.405
Japan,1995,14.388333333333334
Japan,1996,14.221666666666666
Japan,1997,14.878333333333332
Japan,1998,15.63
Japan,1999,15.145000000000001
Japan,2000,15.020000000000001
Japan,2001,14.826666666666668
Japan,2002,15.061666666666667
Japan,2003,14.64
Japan,2004,15.62
Japan,2005,14.700000000000001
Japan,2006,14.871666666666664
Japan,2007,15.401666666666666
Japan,2008,14.946666666666667
Japan,2009,15.055
Japan,2010,15.24
Japan,2011,14.796666666666667
Japan,2012,14.606666666666667
Japan,2013,15.446666666666667
Kazakhstan,1990,5.185
Kazakhstan,1991,5.01
Kazakhstan,1992,4.49
Kazakhstan,1993,3.57
Kazakhstan,1994,4.58
Kazakhstan,1995,5.43
Kazakhstan,1996,3.7950000000000004
Kazakhstan,1997,6.025
Kazakhstan,1998,5.095000000000001
Kazakhstan,1999,5.41
Kazakhstan,2000,5.245
Kazakhstan,2001,5.54
Kazakhstan,2002,6.085
Kazakhstan,2003,4.825
Kazakhstan,2004,5.85
Kazakhstan,2005,5.535
Kazakhstan,2006,5.765000000000001
Kazakhstan,2007,5.96
Kazakhstan,2008,5.720000000000001
Kazakhstan,2009,4.8999999999999995
Kazakhstan,2010,4.955
Kazakhstan,2011,4.605
Kazakhstan,2012,4.285
Kazakhstan,2013,7.1000000000000005
Kenya,1990,15.94
Kenya,1991,16.26
Kenya,1992,16.34
Kenya,1993,16.36
Kenya,1994,16.58
Kenya,1995,16.52
Kenya,1996,16.44
Kenya,1997,16.77
Kenya,1998,16.53
Kenya,1999,16.7
Kenya,2000,16.73
Kenya,2001,16.1
Kenya,2002,16.61
Kenya,2003,16.87
Kenya,2004,16.92
Kenya,2005,17.28
Kenya,2006,16.92
Kenya,2007,16.6
Kenya,2008,16.66
Kenya,2009,17.3
Kenya,2010,16.82
Kenya,2011,16.9
Kenya,2012,16.84
Kenya,2013,16.91
Laos,1990,24.53
Laos,1991,24.85
Laos,1992,24.3
Laos,1993,24.34
Laos,1994,24.5
Laos,1995,24.53
Laos,1996,24.16
Laos,1997,24.67
Laos,1998,25.46
Laos,1999,24.38
Laos,2000,24.34
Laos,2001,24.76
Laos,2002,24.75
Laos,2003,24.8
Laos,2004,24.35
Laos,2005,24.91
Laos,2006,24.92
Laos,2007,24.81
Laos,2008,24.06
Laos,2009,24.94
Laos,2010,25.5
Laos,2011,24.14
Laos,2012,25.53
Laos,2013,25.94
Latvia,1990,7.29
Latvia,1991,6.68
Latvia,1992,6.89
Latvia,1993,5.58
Latvia,1994,5.87
Latvia,1995,6.54
Latvia,1996,4.9
Latvia,1997,6.17
Latvia,1998,5.95
Latvia,1999,7.07
Latvia,2000,7.47
Latvia,2001,6.5
Latvia,2002,6.83
Latvia,2003,6.22
Latvia,2004,6.28
Latvia,2005,6.3
Latvia,2006,6.95
Latvia,2007,7.25
Latvia,2008,7.67
Latvia,2009,6.51
Latvia,2010,5.67
Latvia,2011,7.25
Latvia,2012,5.96
Latvia,2013,7.25
Lebanon,1990,19.4
Lebanon,1991,19.31
Lebanon,1992,18.18
Lebanon,1993,19.14
Lebanon,1994,19.93
Lebanon,1995,19.35
Lebanon,1996,19.65
Lebanon,1997,18.99
Lebanon,1998,20.19
Lebanon,1999,20.25
Lebanon,2000,19.65
Lebanon,2001,20.29
Lebanon,2002,19.91
Lebanon,2003,19.85
Lebanon,2004,19.72
Lebanon,2005,19.68
Lebanon,2006,19.59
Lebanon,2007,20.04
Lebanon,2008,20.24
Lebanon,2009,20.19
Lebanon,2010,21.26
Lebanon,2011,19.67
Lebanon,2012,20.19
Lebanon,2013,20.08
Lesotho,1990,14.48
Lesotho,1991,14.66
Lesotho,1992,15.16
Lesotho,1993,14.95
Lesotho,1994,14.22
Lesotho,1995,14.55
Lesotho,1996,13.93
Lesotho,1997,14.28
Lesotho,1998,14.81
Lesotho,1999,15.34
Lesotho,2000,14.37
Lesotho,2001,14.62
Lesotho,2002,14.69
Lesotho,2003,15.01
Lesotho,2004,14.91
Lesotho,2005,14.89
Lesotho,2006,14.18
Lesotho,2007,14.81
Lesotho,2008,14.74
Lesotho,2009,14.62
Lesotho,2010,15.23
Lesotho,2011,14.32
Lesotho,2012,14.62
Lesotho,2013,14.03
Liberia,1990,26.18
Liberia,1991,26.21
Liberia,1992,25.99
Liberia,1993,26.18
Liberia,1994,26.0
Liberia,1995,26.22
Liberia,1996,26.33
Liberia,1997,26.31
Liberia,1998,26.74
Liberia,1999,26.19
Liberia,2000,26.17
Liberia,2001,26.48
Liberia,2002,26.6
Liberia,2003,26.69
Liberia,2004,26.6
Liberia,2005,26.61
Liberia,2006,26.44
Liberia,2007,26.53
Liberia,2008,26.61
Liberia,2009,26.8
Liberia,2010,26.82
Liberia,2011,26.54
Liberia,2012,26.32
Liberia,2013,26.56
Libya,1990,20.065
Libya,1991,19.215
Libya,1992,19.35
Libya,1993,19.815
Libya,1994,20.205
Libya,1995,19.75
Libya,1996,19.725
Libya,1997,19.810000000000002
Libya,1998,19.994999999999997
Libya,1999,20.674999999999997
Libya,2000,19.98
Libya,2001,20.595
Libya,2002,20.345
Libya,2003,20.380000000000003
Libya,2004,20.11
Libya,2005,19.880000000000003
Libya,2006,20.060000000000002
Libya,2007,20.275
Libya,2008,20.39
Libya,2009,20.235
Libya,2010,20.840000000000003
Libya,2011,19.865000000000002
Libya,2012,20.41
Libya,2013,20.355
Lithuania,1990,7.56
Lithuania,1991,6.77
Lithuania,1992,7.04
Lithuania,1993,5.79
Lithuania,1994,6.3
Lithuania,1995,6.68
Lithuania,1996,5.09
Lithuania,1997,6.29
Lithuania,1998,6.27
Lithuania,1999,7.31
Lithuania,2000,7.69
Lithuania,2001,6.75
Lithuania,2002,7.26
Lithuania,2003,6.44
Lithuania,2004,6.43
Lithuania,2005,6.5
Lithuania,2006,6.98
Lithuania,2007,7.44
Lithuania,2008,7.84
Lithuania,2009,6.7
Lithuania,2010,6.14
Lithuania,2011,7.32
Lithuania,2012,6.31
Lithuania,2013,7.42
Macedonia,1990,10.65
Macedonia,1991,9.29
Macedonia,1992,10.28
Macedonia,1993,10.16
Macedonia,1994,11.34
Macedonia,1995,9.74
Macedonia,1996,9.68
Macedonia,1997,9.58
Macedonia,1998,10.19
Macedonia,1999,10.56
Macedonia,2000,11.0
Macedonia,2001,10.59
Macedonia,2002,10.6
Macedonia,2003,10.44
Macedonia,2004,10.25
Macedonia,2005,9.62
Macedonia,2006,9.98
Macedonia,2007,11.27
Macedonia,2008,11.2
Macedonia,2009,10.83
Macedonia,2010,10.89
Macedonia,2011,10.25
Macedonia,2012,10.88
Macedonia,2013,12.6
Madagascar,1990,19.62
Madagascar,1991,19.79
Madagascar,1992,19.76
Madagascar,1993,19.95
Madagascar,1994,19.96
Madagascar,1995,19.96
Madagascar,1996,19.71
Madagascar,1997,19.97
Madagascar,1998,20.11
Madagascar,1999,19.82
Madagascar,2000,19.65
Madagascar,2001,20.12
Madagascar,2002,20.14
Madagascar,2003,19.91
Madagascar,2004,19.87
Madagascar,2005,20.05
Madagascar,2006,20.09
Madagascar,2007,20.02
Madagascar,2008,19.79
Madagascar,2009,20.13
Madagascar,2010,20.31
Madagascar,2011,20.33
Madagascar,2012,19.78
Madagascar,2013,19.34
Malawi,1990,20.86
Malawi,1991,20.4
Malawi,1992,20.89
Malawi,1993,20.43
Malawi,1994,20.59
Malawi,1995,20.86
Malawi,1996,20.47
Malawi,1997,20.62
Malawi,1998,20.92
Malawi,1999,20.26
Malawi,2000,20.22
Malawi,2001,20.59
Malawi,2002,20.76
Malawi,2003,20.75
Malawi,2004,20.44
Malawi,2005,21.37
Malawi,2006,20.63
Malawi,2007,20.67
Malawi,2008,20.42
Malawi,2009,20.68
Malawi,2010,21.34
Malawi,2011,20.92
Malawi,2012,20.42
Malawi,2013,19.68
Malaysia,1990,27.21
Malaysia,1991,27.04
Malaysia,1992,27.05
Malaysia,1993,26.99
Malaysia,1994,27.0
Malaysia,1995,27.05
Malaysia,1996,27.04
Malaysia,1997,27.29
Malaysia,1998,27.89
Malaysia,1999,26.95
Malaysia,2000,27.14
Malaysia,2001,27.24
Malaysia,2002,27.57
Malaysia,2003,27.36
Malaysia,2004,27.35
Malaysia,2005,27.59
Malaysia,2006,27.29
Malaysia,2007,27.23
Malaysia,2008,27.12
Malaysia,2009,27.47
Malaysia,2010,27.69
Malaysia,2011,27.27
Malaysia,2012,27.36
Malaysia,2013,27.8
Mali,1990,27.61
Mali,1991,27.58
Mali,1992,27.2
Mali,1993,27.55
Mali,1994,27.05
Mali,1995,27.25
Mali,1996,27.64
Mali,1997,27.38
Mali,1998,28.08
Mali,1999,27.26
Mali,2000,27.51
Mali,2001,27.79
Mali,2002,28.18
Mali,2003,27.99
Mali,2004,28.07
Mali,2005,28.13
Mali,2006,27.62
Mali,2007,27.94
Mali,2008,27.62
Mali,2009,27.89
Mali,2010,28.18
Mali,2011,27.79
Mali,2012,27.39
Mali,2013,28.53
Mauritania,1990,27.67
Mauritania,1991,27.38
Mauritania,1992,27.52
Mauritania,1993,27.37
Mauritania,1994,27.24
Mauritania,1995,27.7
Mauritania,1996,27.93
Mauritania,1997,28.28
Mauritania,1998,28.52
Mauritania,1999,27.23
Mauritania,2000,27.66
Mauritania,2001,28.28
Mauritania,2002,27.84
Mauritania,2003,27.63
Mauritania,2004,27.81
Mauritania,2005,28.14
Mauritania,2006,27.82
Mauritania,2007,27.88
Mauritania,2008,28.14
Mauritania,2009,27.57
Mauritania,2010,28.7
Mauritania,2011,27.87
Mauritania,2012,27.77
Mauritania,2013,28.24
Mauritius,1990,23.84
Mauritius,1991,24.14
Mauritius,1992,23.81
Mauritius,1993,23.91
Mauritius,1994,24.17
Mauritius,1995,24.02
Mauritius,1996,23.89
Mauritius,1997,24.1
Mauritius,1998,24.41
Mauritius,1999,24.11
Mauritius,2000,24.0
Mauritius,2001,24.49
Mauritius,2002,24.4
Mauritius,2003,24.52
Mauritius,2004,24.25
Mauritius,2005,24.16
Mauritius,2006,24.32
Mauritius,2007,24.28
Mauritius,2008,24.19
Mauritius,2009,24.58
Mauritius,2010,24.67
Mauritius,2011,24.52
Mauritius,2012,24.37
Mauritius,2013,24.31
Mexico,1990,20.24125
Mexico,1991,20.12
Mexico,1992,20.1175
Mexico,1993,20.165
Mexico,1994,20.39875
Mexico,1995,20.57375
Mexico,1996,20.43375
Mexico,1997,20.35
Mexico,1998,20.5225
Mexico,1999,20.169999999999998
Mexico,2000,20.37
Mexico,2001,20.24875
Mexico,2002,20.36875
Mexico,2003,20.5925
Mexico,2004,20.27125
Mexico,2005,20.56375
Mexico,2006,20.63875
Mexico,2007,20.35125
Mexico,2008,20.40375
Mexico,2009,20.785
Mexico,2010,19.98625
Mexico,2011,20.5225
Mexico,2012,20.74875
Mexico,2013,21.345
Moldova,1990,10.7
Moldova,1991,9.18
Moldova,1992,9.57
Moldova,1993,8.68
Moldova,1994,10.39
Moldova,1995,9.42
Moldova,1996,8.5
Moldova,1997,8.55
Moldova,1998,9.47
Moldova,1999,10.56
Moldova,2000,10.5
Moldova,2001,9.95
Moldova,2002,10.43
Moldova,2003,9.29
Moldova,2004,9.79
Moldova,2005,9.87
Moldova,2006,9.46
Moldova,2007,11.34
Moldova,2008,10.6
Moldova,2009,10.64
Moldova,2010,10.19
Moldova,2011,9.73
Moldova,2012,10.52
Moldova,2013,11.94
Mongolia,1990,-2.02
Mongolia,1991,-2.76
Mongolia,1992,-1.86
Mongolia,1993,-2.52
Mongolia,1994,-1.69
Mongolia,1995,-1.63
Mongolia,1996,-2.65
Mongolia,1997,-1.46
Mongolia,1998,-1.2
Mongolia,1999,-1.59
Mongolia,2000,-2.36
Mongolia,2001,-1.98
Mongolia,2002,-1.48
Mongolia,2003,-2.41
Mongolia,2004,-1.51
Mongolia,2005,-2.36
Mongolia,2006,-1.56
Mongolia,2007,0.2
Mongolia,2008,-1.05
Mongolia,2009,-2.04
Mongolia,2010,-3.04
Mongolia,2011,-2.41
Mongolia,2012,-3.37
Mongolia,2013,-0.22
Montenegro,1990,11.24
Montenegro,1991,10.08
Montenegro,1992,10.94
Montenegro,1993,10.8
Montenegro,1994,11.78
Montenegro,1995,10.38
Montenegro,1996,10.34
Montenegro,1997,10.59
Montenegro,1998,10.94
Montenegro,1999,11.26
Montenegro,2000,11.54
Montenegro,2001,11.24
Montenegro,2002,11.41
Montenegro,2003,11.3
Montenegro,2004,10.83
Montenegro,2005,10.14
Montenegro,2006,10.56
Montenegro,2007,11.59
Montenegro,2008,11.62
Montenegro,2009,11.46
Montenegro,2010,11.25
Montenegro,2011,11.25
Montenegro,2012,11.53
Montenegro,2013,12.87
Morocco,1990,18.23
Morocco,1991,17.36
Morocco,1992,17.47
Morocco,1993,17.025
Morocco,1994,17.93
Morocco,1995,18.64
Morocco,1996,17.86
Morocco,1997,18.479999999999997
Morocco,1998,18.225
Morocco,1999,17.78
Morocco,2000,18.15
Morocco,2001,18.645
Morocco,2002,18.22
Morocco,2003,18.405
Morocco,2004,18.14
Morocco,2005,18.165
Morocco,2006,18.445
Morocco,2007,17.96
Morocco,2008,17.880000000000003
Morocco,2009,18.645
Morocco,2010,18.85
Morocco,2011,18.560000000000002
Morocco,2012,18.22
Morocco,2013,18.705
Mozambique,1990,21.51
Mozambique,1991,21.77
Mozambique,1992,22.6
Mozambique,1993,22.04
Mozambique,1994,21.35
Mozambique,1995,21.89
Mozambique,1996,21.53
Mozambique,1997,21.54
Mozambique,1998,22.22
Mozambique,1999,22.19
Mozambique,2000,21.51
Mozambique,2001,21.94
Mozambique,2002,21.96
Mozambique,2003,22.32
Mozambique,2004,21.89
Mozambique,2005,22.27
Mozambique,2006,21.68
Mozambique,2007,21.91
Mozambique,2008,21.76
Mozambique,2009,21.7
Mozambique,2010,22.1
Mozambique,2011,21.69
Mozambique,2012,21.92
Mozambique,2013,21.37
Namibia,1990,20.4
Namibia,1991,19.92
Namibia,1992,20.36
Namibia,1993,20.43
Namibia,1994,20.14
Namibia,1995,20.76
Namibia,1996,19.79
Namibia,1997,19.97
Namibia,1998,20.83
Namibia,1999,20.62
Namibia,2000,20.26
Namibia,2001,20.37
Namibia,2002,20.76
Namibia,2003,21.37
Namibia,2004,21.01
Namibia,2005,20.46
Namibia,2006,19.42
Namibia,2007,20.49
Namibia,2008,20.18
Namibia,2009,20.02
Namibia,2010,20.62
Namibia,2011,19.26
Namibia,2012,20.11
Namibia,2013,20.73
Nepal,1990,15.11
Nepal,1991,14.94
Nepal,1992,14.95
Nepal,1993,15.16
Nepal,1994,15.3
Nepal,1995,15.3
Nepal,1996,15.37
Nepal,1997,14.5
Nepal,1998,15.49
Nepal,1999,15.78
Nepal,2000,15.13
Nepal,2001,15.41
Nepal,2002,15.44
Nepal,2003,15.35
Nepal,2004,15.36
Nepal,2005,15.53
Nepal,2006,15.92
Nepal,2007,15.54
Nepal,2008,15.27
Nepal,2009,15.91
Nepal,2010,15.96
Nepal,2011,15.12
Nepal,2012,15.2
Nepal,2013,15.79
Netherlands,1990,10.63
Netherlands,1991,9.32
Netherlands,1992,10.39
Netherlands,1993,9.47
Netherlands,1994,10.45
Netherlands,1995,10.25
Netherlands,1996,8.32
Netherlands,1997,10.03
Netherlands,1998,10.18
Netherlands,1999,10.74
Netherlands,2000,10.75
Netherlands,2001,10.24
Netherlands,2002,10.64
Netherlands,2003,10.28
Netherlands,2004,10.27
Netherlands,2005,10.48
Netherlands,2006,10.97
Netherlands,2007,11.04
Netherlands,2008,10.42
Netherlands,2009,10.33
Netherlands,2010,8.84
Netherlands,2011,10.73
Netherlands,2012,10.08
Netherlands,2013,9.54
New Zealand,1990,13.64
New Zealand,1991,12.82
New Zealand,1992,12.14
New Zealand,1993,12.35
New Zealand,1994,12.89
New Zealand,1995,13.15
New Zealand,1996,13.07
New Zealand,1997,12.77
New Zealand,1998,13.97
New Zealand,1999,13.87
New Zealand,2000,13.4
New Zealand,2001,13.58
New Zealand,2002,13.28
New Zealand,2003,13.3
New Zealand,2004,12.76
New Zealand,2005,13.63
New Zealand,2006,13.04
New Zealand,2007,13.44
New Zealand,2008,13.55
New Zealand,2009,12.84
New Zealand,2010,13.54
New Zealand,2011,13.46
New Zealand,2012,12.89
New Zealand,2013,13.57
Nicaragua,1990,27.03
Nicaragua,1991,27.04
Nicaragua,1992,27.16
Nicaragua,1993,27.05
Nicaragua,1994,27.26
Nicaragua,1995,27.2
Nicaragua,1996,26.76
Nicaragua,1997,27.43
Nicaragua,1998,27.83
Nicaragua,1999,26.82
Nicaragua,2000,26.73
Nicaragua,2001,26.78
Nicaragua,2002,27.0
Nicaragua,2003,27.4
Nicaragua,2004,27.22
Nicaragua,2005,27.2
Nicaragua,2006,27.35
Nicaragua,2007,27.23
Nicaragua,2008,26.75
Nicaragua,2009,27.23
Nicaragua,2010,27.01
Nicaragua,2011,26.94
Nicaragua,2012,26.91
Nicaragua,2013,27.26
Niger,1990,29.71
Niger,1991,29.4
Niger,1992,28.99
Niger,1993,29.64
Niger,1994,29.05
Niger,1995,29.56
Niger,1996,29.71
Niger,1997,29.73
Niger,1998,29.97
Niger,1999,29.65
Niger,2000,29.43
Niger,2001,29.46
Niger,2002,29.71
Niger,2003,29.75
Niger,2004,29.8
Niger,2005,30.02
Niger,2006,29.78
Niger,2007,29.85
Niger,2008,29.3
Niger,2009,30.32
Niger,2010,30.32
Niger,2011,30.1
Niger,2012,29.61
Niger,2013,30.42
Nigeria,1990,27.095714285714283
Nigeria,1991,26.8
Nigeria,1992,26.482857142857142
Nigeria,1993,26.86285714285714
Nigeria,1994,26.625714285714285
Nigeria,1995,26.96
Nigeria,1996,26.93
Nigeria,1997,26.895714285714288
Nigeria,1998,27.389999999999997
Nigeria,1999,27.077142857142857
Nigeria,2000,26.82857142857143
Nigeria,2001,26.861428571428572
Nigeria,2002,27.21142857142857
Nigeria,2003,27.207142857142856
Nigeria,2004,27.31
Nigeria,2005,27.451428571428572
Nigeria,2006,27.541428571428572
Nigeria,2007,27.47142857142857
Nigeria,2008,27.132857142857144
Nigeria,2009,27.617142857142856
Nigeria,2010,27.775714285714287
Nigeria,2011,27.388571428571428
Nigeria,2012,27.17142857142857
Nigeria,2013,27.664285714285715
Norway,1990,4.55
Norway,1991,3.4
Norway,1992,3.83
Norway,1993,2.72
Norway,1994,2.74
Norway,1995,3.08
Norway,1996,1.88
Norway,1997,3.87
Norway,1998,3.06
Norway,1999,3.73
Norway,2000,4.52
Norway,2001,2.68
Norway,2002,3.57
Norway,2003,3.76
Norway,2004,3.79
Norway,2005,4.26
Norway,2006,4.43
Norway,2007,3.96
Norway,2008,4.16
Norway,2009,3.31
Norway,2010,1.3
Norway,2011,4.14
Norway,2012,3.09
Norway,2013,3.5
Pakistan,1990,24.224444444444444
Pakistan,1991,23.763333333333335
Pakistan,1992,23.668888888888887
Pakistan,1993,24.41222222222222
Pakistan,1994,24.054444444444446
Pakistan,1995,23.944444444444443
Pakistan,1996,23.88888888888889
Pakistan,1997,23.425555555555558
Pakistan,1998,24.44
Pakistan,1999,24.857777777777777
Pakistan,2000,24.742222222222225
Pakistan,2001,24.721111111111114
Pakistan,2002,24.94333333333333
Pakistan,2003,24.214444444444446
Pakistan,2004,24.974444444444444
Pakistan,2005,24.05777777777778
Pakistan,2006,24.465555555555554
Pakistan,2007,24.582222222222224
Pakistan,2008,24.33888888888889
Pakistan,2009,24.763333333333335
Pakistan,2010,24.885555555555555
Pakistan,2011,24.48
Pakistan,2012,24.20777777777778
Pakistan,2013,25.242222222222225
Papua New Guinea,1990,25.27
Papua New Guinea,1991,25.04
Papua New Guinea,1992,25.3
Papua New Guinea,1993,25.02
Papua New Guinea,1994,25.07
Papua New Guinea,1995,25.44
Papua New Guinea,1996,25.41
Papua New Guinea,1997,24.86
Papua New Guinea,1998,26.05
Papua New Guinea,1999,25.38
Papua New Guinea,2000,25.4
Papua New Guinea,2001,25.43
Papua New Guinea,2002,25.48
Papua New Guinea,2003,25.49
Papua New Guinea,2004,25.23
Papua New Guinea,2005,25.51
Papua New Guinea,2006,25.04
Papua New Guinea,2007,25.2
Papua New Guinea,2008,25.17
Papua New Guinea,2009,25.08
Papua New Guinea,2010,25.74
Papua New Guinea,2011,25.17
Papua New Guinea,2012,25.14
Papua New Guinea,2013,25.44
Peru,1990,16.84
Peru,1991,17.15
Peru,1992,17.96
Peru,1993,17.56
Peru,1994,17.31
Peru,1995,17.26
Peru,1996,16.45
Peru,1997,18.62
Peru,1998,18.13
Peru,1999,16.65
Peru,2000,17.02
Peru,2001,16.95
Peru,2002,17.44
Peru,2003,17.36
Peru,2004,17.29
Peru,2005,17.02
Peru,2006,17.61
Peru,2007,16.68
Peru,2008,17.34
Peru,2009,17.4
Peru,2010,16.97
Peru,2011,17.03
Peru,2012,17.68
Peru,2013,17.0
Philippines,1990,26.663333333333338
Philippines,1991,26.44333333333333
Philippines,1992,26.546666666666667
Philippines,1993,26.64
Philippines,1994,26.676666666666666
Philippines,1995,26.58666666666667
Philippines,1996,26.713333333333335
Philippines,1997,26.756666666666664
Philippines,1998,27.596666666666668
Philippines,1999,26.80666666666667
Philippines,2000,26.819999999999997
Philippines,2001,26.903333333333336
Philippines,2002,26.86
Philippines,2003,26.790000000000003
Philippines,2004,26.790000000000003
Philippines,2005,26.916666666666668
Philippines,2006,27.02
Philippines,2007,26.96666666666667
Philippines,2008,26.69333333333333
Philippines,2009,26.673333333333332
Philippines,2010,27.189999999999998
Philippines,2011,26.55333333333333
Philippines,2012,27.046666666666667
Philippines,2013,27.483333333333334
Poland,1990,9.2
Poland,1991,7.9
Poland,1992,8.65
Poland,1993,7.67
Poland,1994,8.78
Poland,1995,8.16
Poland,1996,6.71
Poland,1997,7.81
Poland,1998,8.17
Poland,1999,8.96
Poland,2000,9.56
Poland,2001,8.26
Poland,2002,9.14
Poland,2003,8.22
Poland,2004,8.33
Poland,2005,8.43
Poland,2006,8.64
Poland,2007,9.32
Poland,2008,9.51
Poland,2009,8.5
Poland,2010,7.67
Poland,2011,8.84
Poland,2012,8.48
Poland,2013,9.32
Portugal,1990,16.55
Portugal,1991,16.09
Portugal,1992,15.95
Portugal,1993,15.33
Portugal,1994,16.12
Portugal,1995,17.23
Portugal,1996,16.12
Portugal,1997,17.1
Portugal,1998,16.4
Portugal,1999,16.09
Portugal,2000,16.23
Portugal,2001,16.2
Portugal,2002,16.19
Portugal,2003,16.6
Portugal,2004,16.31
Portugal,2005,16.43
Portugal,2006,16.84
Portugal,2007,16.11
Portugal,2008,16.12
Portugal,2009,16.84
Portugal,2010,16.5
Portugal,2011,16.91
Portugal,2012,16.24
Portugal,2013,16.77
Qatar,1990,27.38
Qatar,1991,26.77
Qatar,1992,26.22
Qatar,1993,27.1
Qatar,1994,27.59
Qatar,1995,27.16
Qatar,1996,27.66
Qatar,1997,27.23
Qatar,1998,28.48
Qatar,1999,28.62
Qatar,2000,28.06
Qatar,2001,28.36
Qatar,2002,28.25
Qatar,2003,28.38
Qatar,2004,28.2
Qatar,2005,28.09
Qatar,2006,28.12
Qatar,2007,28.23
Qatar,2008,27.92
Qatar,2009,28.17
Qatar,2010,28.93
Qatar,2011,28.23
Qatar,2012,28.54
Qatar,2013,28.68
Romania,1990,12.26
Romania,1991,10.55
Romania,1992,11.55
Romania,1993,10.78
Romania,1994,12.7
Romania,1995,11.21
Romania,1996,10.71
Romania,1997,10.46
Romania,1998,11.37
Romania,1999,12.34
Romania,2000,12.44
Romania,2001,11.9
Romania,2002,12.24
Romania,2003,11.23
Romania,2004,11.63
Romania,2005,11.25
Romania,2006,11.63
Romania,2007,12.99
Romania,2008,12.5
Romania,2009,12.47
Romania,2010,11.94
Romania,2011,11.26
Romania,2012,12.33
Romania,2013,13.94
Russia,1990,4.334444444444444
Russia,1991,4.245555555555556
Russia,1992,3.467777777777778
Russia,1993,2.592222222222222
Russia,1994,2.9388888888888887
Russia,1995,5.325555555555556
Russia,1996,2.657777777777778
Russia,1997,3.442222222222222
Russia,1998,3.3066666666666666
Russia,1999,4.047777777777778
Russia,2000,4.205555555555556
Russia,2001,3.96
Russia,2002,4.073333333333333
Russia,2003,4.037777777777778
Russia,2004,4.366666666666666
Russia,2005,4.373333333333333
Russia,2006,3.5877777777777786
Russia,2007,4.745555555555556
Russia,2008,5.136666666666667
Russia,2009,3.852222222222222
Russia,2010,3.9777777777777783
Russia,2011,3.5433333333333334
Russia,2012,4.137777777777778
Russia,2013,5.526666666666667
Rwanda,1990,19.39
Rwanda,1991,19.22
Rwanda,1992,19.54
Rwanda,1993,19.53
Rwanda,1994,19.55
Rwanda,1995,19.81
Rwanda,1996,19.31
Rwanda,1997,19.78
Rwanda,1998,19.79
Rwanda,1999,19.35
Rwanda,2000,19.59
Rwanda,2001,19.5
Rwanda,2002,19.77
Rwanda,2003,19.93
Rwanda,2004,19.93
Rwanda,2005,20.29
Rwanda,2006,20.02
Rwanda,2007,19.6
Rwanda,2008,19.56
Rwanda,2009,19.84
Rwanda,2010,20.12
Rwanda,2011,19.59
Rwanda,2012,19.79
Rwanda,2013,19.93
Saudi Arabia,1990,25.78
Saudi Arabia,1991,25.685000000000002
Saudi Arabia,1992,24.555
Saudi Arabia,1993,25.66
Saudi Arabia,1994,26.17
Saudi Arabia,1995,25.985
Saudi Arabia,1996,26.325000000000003
Saudi Arabia,1997,25.685
Saudi Arabia,1998,26.605
Saudi Arabia,1999,26.835
Saudi Arabia,2000,26.585
Saudi Arabia,2001,26.635
Saudi Arabia,2002,26.535
Saudi Arabia,2003,26.745
Saudi Arabia,2004,26.365000000000002
Saudi Arabia,2005,26.369999999999997
Saudi Arabia,2006,26.33
Saudi Arabia,2007,26.534999999999997
Saudi Arabia,2008,26.425
Saudi Arabia,2009,26.805
Saudi Arabia,2010,27.335
Saudi Arabia,2011,26.485
Saudi Arabia,2012,26.924999999999997
Saudi Arabia,2013,27.675
Senegal,1990,25.13
Senegal,1991,25.0
Senegal,1992,25.09
Senegal,1993,24.99
Senegal,1994,24.94
Senegal,1995,25.33
Senegal,1996,25.49
Senegal,1997,25.87
Senegal,1998,26.03
Senegal,1999,24.93
Senegal,2000,25.26
Senegal,2001,25.79
Senegal,2002,25.4
Senegal,2003,25.25
Senegal,2004,25.38
Senegal,2005,25.78
Senegal,2006,25.32
Senegal,2007,25.34
Senegal,2008,25.5
Senegal,2009,25.01
Senegal,2010,26.1
Senegal,2011,25.41
Senegal,2012,25.47
Senegal,2013,24.7
Serbia,1990,11.004999999999999
Serbia,1991,9.565
Serbia,1992,10.705
Serbia,1993,10.305
Serbia,1994,11.525
Serbia,1995,10.07
Serbia,1996,9.745000000000001
Serbia,1997,9.82
Serbia,1998,10.43
Serbia,1999,10.74
Serbia,2000,11.54
Serbia,2001,10.815
Serbia,2002,11.105
Serbia,2003,10.649999999999999
Serbia,2004,10.465
Serbia,2005,9.754999999999999
Serbia,2006,10.32
Serbia,2007,11.535
Serbia,2008,11.524999999999999
Serbia,2009,11.18
Serbia,2010,10.98
Serbia,2011,10.58
Serbia,2012,11.215
Serbia,2013,12.719999999999999
Sierra Leone,1990,27.08
Sierra Leone,1991,27.22
Sierra Leone,1992,27.02
Sierra Leone,1993,27.25
Sierra Leone,1994,27.03
Sierra Leone,1995,27.23
Sierra Leone,1996,27.33
Sierra Leone,1997,27.3
Sierra Leone,1998,27.63
Sierra Leone,1999,27.12
Sierra Leone,2000,27.12
Sierra Leone,2001,27.36
Sierra Leone,2002,27.53
Sierra Leone,2003,27.43
Sierra Leone,2004,27.56
Sierra Leone,2005,27.66
Sierra Leone,2006,27.2
Sierra Leone,2007,27.28
Sierra Leone,2008,27.61
Sierra Leone,2009,27.37
Sierra Leone,2010,27.8
Sierra Leone,2011,27.51
Sierra Leone,2012,27.28
Sierra Leone,2013,27.29
Singapore,1990,27.13
Singapore,1991,26.99
Singapore,1992,27.0
Singapore,1993,26.93
Singapore,1994,27.09
Singapore,1995,27.07
Singapore,1996,27.04
Singapore,1997,27.39
Singapore,1998,27.78
Singapore,1999,27.02
Singapore,2000,27.1
Singapore,2001,27.19
Singapore,2002,27.41
Singapore,2003,27.31
Singapore,2004,27.33
Singapore,2005,27.49
Singapore,2006,27.33
Singapore,2007,27.13
Singapore,2008,27.07
Singapore,2009,27.47
Singapore,2010,27.6
Singapore,2011,27.28
Singapore,2012,27.3
Singapore,2013,27.6
Slovakia,1990,11.04
Slovakia,1991,9.9
Slovakia,1992,11.32
Slovakia,1993,10.28
Slovakia,1994,11.74
Slovakia,1995,10.54
Slovakia,1996,9.35
Slovakia,1997,10.18
Slovakia,1998,10.73
Slovakia,1999,10.77
Slovakia,2000,11.91
Slovakia,2001,10.76
Slovakia,2002,11.55
Slovakia,2003,10.94
Slovakia,2004,10.44
Slovakia,2005,10.18
Slovakia,2006,10.86
Slovakia,2007,11.88
Slovakia,2008,11.71
Slovakia,2009,11.42
Slovakia,2010,10.34
Slovakia,2011,11.1
Slovakia,2012,11.52
Slovakia,2013,12.27
Slovenia,1990,10.56
Slovenia,1991,9.58
Slovenia,1992,10.78
Slovenia,1993,10.19
Slovenia,1994,11.33
Slovenia,1995,10.14
Slovenia,1996,9.24
Slovenia,1997,10.18
Slovenia,1998,10.42
Slovenia,1999,10.51
Slovenia,2000,11.45
Slovenia,2001,10.74
Slovenia,2002,11.18
Slovenia,2003,10.83
Slovenia,2004,10.06
Slovenia,2005,9.62
Slovenia,2006,10.56
Slovenia,2007,11.31
Slovenia,2008,11.09
Slovenia,2009,11.06
Slovenia,2010,10.0
Slovenia,2011,11.02
Slovenia,2012,11.12
Slovenia,2013,11.58
Somalia,1990,27.35
Somalia,1991,27.54
Somalia,1992,27.73
Somalia,1993,27.21
Somalia,1994,27.43
Somalia,1995,27.39
Somalia,1996,27.34
Somalia,1997,27.41
Somalia,1998,27.7
Somalia,1999,27.61
Somalia,2000,27.79
Somalia,2001,27.68
Somalia,2002,27.77
Somalia,2003,28.03
Somalia,2004,27.85
Somalia,2005,28.08
Somalia,2006,27.78
Somalia,2007,28.08
Somalia,2008,27.75
Somalia,2009,28.23
Somalia,2010,28.03
Somalia,2011,28.28
Somalia,2012,28.19
Somalia,2013,27.94
South Africa,1990,17.6475
South Africa,1991,17.759999999999998
South Africa,1992,18.61
South Africa,1993,18.165
South Africa,1994,17.3325
South Africa,1995,17.875
South Africa,1996,17.36
South Africa,1997,17.4925
South Africa,1998,18.215
South Africa,1999,18.2725
South Africa,2000,17.315
South Africa,2001,17.8825
South Africa,2002,18.0275
South Africa,2003,18.4125
South Africa,2004,17.71
South Africa,2005,18.365
South Africa,2006,17.45
South Africa,2007,17.962500000000002
South Africa,2008,17.825
South Africa,2009,17.565
South Africa,2010,18.2675
South Africa,2011,17.6125
South Africa,2012,18.04
South Africa,2013,17.3175
South Korea,1990,11.86
South Korea,1991,11.39
South Korea,1992,11.48
South Korea,1993,11.02
South Korea,1994,12.32
South Korea,1995,11.27
South Korea,1996,11.13
South Korea,1997,11.7
South Korea,1998,12.66
South Korea,1999,12.13
South Korea,2000,11.42
South Korea,2001,11.6
South Korea,2002,11.8
South Korea,2003,11.8
South Korea,2004,12.25
South Korea,2005,11.16
South Korea,2006,12.01
South Korea,2007,12.25
South Korea,2008,11.96
South Korea,2009,11.84
South Korea,2010,11.3
South Korea,2011,11.12
South Korea,2012,11.23
South Korea,2013,12.12
Spain,1990,15.780000000000001
Spain,1991,14.956666666666665
Spain,1992,14.963333333333333
Spain,1993,14.6
Spain,1994,15.876666666666667
Spain,1995,15.993333333333332
Spain,1996,15.229999999999999
Spain,1997,16.16333333333333
Spain,1998,15.67
Spain,1999,15.553333333333333
Spain,2000,15.606666666666664
Spain,2001,15.813333333333333
Spain,2002,15.729999999999999
Spain,2003,16.169999999999998
Spain,2004,15.566666666666668
Spain,2005,15.306666666666667
Spain,2006,16.279999999999998
Spain,2007,15.513333333333334
Spain,2008,15.350000000000001
Spain,2009,16.006666666666664
Spain,2010,15.116666666666667
Spain,2011,16.386666666666667
Spain,2012,15.83
Spain,2013,15.713333333333333
Sri Lanka,1990,26.53
Sri Lanka,1991,26.53
Sri Lanka,1992,26.26
Sri Lanka,1993,26.37
Sri Lanka,1994,26.34
Sri Lanka,1995,26.59
Sri Lanka,1996,26.38
Sri Lanka,1997,26.66
Sri Lanka,1998,27.13
Sri Lanka,1999,26.32
Sri Lanka,2000,26.43
Sri Lanka,2001,26.63
Sri Lanka,2002,26.74
Sri Lanka,2003,26.79
Sri Lanka,2004,26.64
Sri Lanka,2005,26.73
Sri Lanka,2006,26.56
Sri Lanka,2007,26.57
Sri Lanka,2008,26.42
Sri Lanka,2009,26.67
Sri Lanka,2010,26.83
Sri Lanka,2011,26.65
Sri Lanka,2012,26.88
Sri Lanka,2013,27.03
Sudan,1990,28.06
Sudan,1991,27.765
Sudan,1992,27.305
Sudan,1993,27.77
Sudan,1994,27.435000000000002
Sudan,1995,27.735
Sudan,1996,27.775
Sudan,1997,27.965
Sudan,1998,27.995
Sudan,1999,27.784999999999997
Sudan,2000,27.875
Sudan,2001,28.03
Sudan,2002,28.31
Sudan,2003,28.09
Sudan,2004,28.130000000000003
Sudan,2005,28.325000000000003
Sudan,2006,27.91
Sudan,2007,27.835
Sudan,2008,28.060000000000002
Sudan,2009,28.66
Sudan,2010,28.625
Sudan,2011,28.225
Sudan,2012,28.19
Sudan,2013,28.744999999999997
Suriname,1990,26.87
Suriname,1991,26.93
Suriname,1992,27.04
Suriname,1993,26.83
Suriname,1994,26.82
Suriname,1995,27.33
Suriname,1996,27.09
Suriname,1997,27.27
Suriname,1998,27.65
Suriname,1999,27.07
Suriname,2000,26.86
Suriname,2001,27.12
Suriname,2002,27.14
Suriname,2003,27.49
Suriname,2004,27.47
Suriname,2005,27.7
Suriname,2006,27.34
Suriname,2007,27.19
Suriname,2008,27.22
Suriname,2009,27.45
Suriname,2010,27.7
Suriname,2011,27.42
Suriname,2012,27.4
Suriname,2013,27.17
Sweden,1990,8.43
Sweden,1991,7.49
Sweden,1992,7.94
Sweden,1993,6.98
Sweden,1994,7.23
Sweden,1995,7.17
Sweden,1996,6.15
Sweden,1997,7.66
Sweden,1998,6.89
Sweden,1999,8.02
Sweden,2000,8.42
Sweden,2001,7.48
Sweden,2002,7.96
Sweden,2003,7.46
Sweden,2004,7.53
Sweden,2005,7.72
Sweden,2006,8.3
Sweden,2007,8.16
Sweden,2008,8.49
Sweden,2009,7.54
Sweden,2010,6.01
Sweden,2011,8.18
Sweden,2012,7.21
Sweden,2013,7.1
Switzerland,1990,8.19
Switzerland,1991,7.24
Switzerland,1992,7.98
Switzerland,1993,7.48
Switzerland,1994,8.78
Switzerland,1995,7.65
Switzerland,1996,6.66
Switzerland,1997,7.96
Switzerland,1998,7.81
Switzerland,1999,7.76
Switzerland,2000,8.54
Switzerland,2001,7.82
Switzerland,2002,8.42
Switzerland,2003,8.48
Switzerland,2004,7.67
Switzerland,2005,7.49
Switzerland,2006,8.19
Switzerland,2007,8.43
Switzerland,2008,7.98
Switzerland,2009,8.15
Switzerland,2010,7.06
Switzerland,2011,8.68
Switzerland,2012,7.96
Switzerland,2013,7.94
Syria,1990,18.9
Syria,1991,18.83
Syria,1992,17.73
Syria,1993,18.72
Syria,1994,19.34
Syria,1995,18.79
Syria,1996,19.23
Syria,1997,18.55
Syria,1998,19.73
Syria,1999,19.73
Syria,2000,19.09
Syria,2001,19.75
Syria,2002,19.47
Syria,2003,19.3
Syria,2004,19.22
Syria,2005,19.15
Syria,2006,19.07
Syria,2007,19.47
Syria,2008,19.75
Syria,2009,19.6
Syria,2010,21.07
Syria,2011,18.95
Syria,2012,19.72
Syria,2013,19.83
Taiwan,1990,22.646666666666665
Taiwan,1991,22.776666666666667
Taiwan,1992,22.223333333333333
Taiwan,1993,22.666666666666668
Taiwan,1994,23.01
Taiwan,1995,22.3
Taiwan,1996,22.493333333333336
Taiwan,1997,22.673333333333332
Taiwan,1998,23.606666666666666
Taiwan,1999,22.896666666666665
Taiwan,2000,22.863333333333333
Taiwan,2001,22.986666666666665
Taiwan,2002,23.349999999999998
Taiwan,2003,23.099999999999998
Taiwan,2004,22.833333333333332
Taiwan,2005,22.683333333333334
Taiwan,2006,23.286666666666665
Taiwan,2007,23.233333333333334
Taiwan,2008,22.883333333333336
Taiwan,2009,23.060000000000002
Taiwan,2010,22.87
Taiwan,2011,22.453333333333333
Taiwan,2012,22.69333333333333
Taiwan,2013,23.11
Tajikistan,1990,8.39
Tajikistan,1991,7.94
Tajikistan,1992,7.9
Tajikistan,1993,7.29
Tajikistan,1994,8.01
Tajikistan,1995,8.49
Tajikistan,1996,7.55
Tajikistan,1997,8.69
Tajikistan,1998,8.34
Tajikistan,1999,8.74
Tajikistan,2000,8.78
Tajikistan,2001,9.16
Tajikistan,2002,8.63
Tajikistan,2003,8.24
Tajikistan,2004,9.24
Tajikistan,2005,8.61
Tajikistan,2006,8.97
Tajikistan,2007,8.69
Tajikistan,2008,8.29
Tajikistan,2009,8.42
Tajikistan,2010,8.98
Tajikistan,2011,8.45
Tajikistan,2012,7.71
Tajikistan,2013,10.1
Tanzania,1990,26.15
Tanzania,1991,26.24
Tanzania,1992,26.14
Tanzania,1993,26.01
Tanzania,1994,26.35
Tanzania,1995,26.27
Tanzania,1996,26.02
Tanzania,1997,26.19
Tanzania,1998,26.59
Tanzania,1999,26.15
Tanzania,2000,26.18
Tanzania,2001,26.28
Tanzania,2002,26.36
Tanzania,2003,26.69
Tanzania,2004,26.34
Tanzania,2005,26.8
Tanzania,2006,26.36
Tanzania,2007,26.45
Tanzania,2008,26.17
Tanzania,2009,26.67
Tanzania,2010,26.7
Tanzania,2011,26.56
Tanzania,2012,26.51
Tanzania,2013,26.76
Thailand,1990,27.96
Thailand,1991,27.85
Thailand,1992,27.55
Thailand,1993,27.58
Thailand,1994,27.76
Thailand,1995,27.68
Thailand,1996,27.37
Thailand,1997,28.01
Thailand,1998,28.44
Thailand,1999,27.34
Thailand,2000,27.52
Thailand,2001,27.81
Thailand,2002,27.98
Thailand,2003,27.79
Thailand,2004,27.8
Thailand,2005,27.92
Thailand,2006,27.92
Thailand,2007,27.79
Thailand,2008,27.48
Thailand,2009,27.79
Thailand,2010,28.54
Thailand,2011,27.56
Thailand,2012,28.48
Thailand,2013,28.98
Tunisia,1990,19.34
Tunisia,1991,18.41
Tunisia,1992,18.54
Tunisia,1993,18.9
Tunisia,1994,19.93
Tunisia,1995,19.22
Tunisia,1996,18.88
Tunisia,1997,19.54
Tunisia,1998,19.19
Tunisia,1999,19.97
Tunisia,2000,19.76
Tunisia,2001,20.04
Tunisia,2002,19.74
Tunisia,2003,20.04
Tunisia,2004,19.37
Tunisia,2005,19.12
Tunisia,2006,19.82
Tunisia,2007,19.71
Tunisia,2008,19.76
Tunisia,2009,19.64
Tunisia,2010,19.76
Tunisia,2011,19.53
Tunisia,2012,20.12
Tunisia,2013,20.0
Turkey,1990,14.718
Turkey,1991,14.151999999999997
Turkey,1992,13.486
Turkey,1993,14.187999999999999
Turkey,1994,15.504000000000001
Turkey,1995,14.784
Turkey,1996,14.788
Turkey,1997,14.095999999999998
Turkey,1998,15.352
Turkey,1999,15.693999999999999
Turkey,2000,14.801999999999998
Turkey,2001,15.862
Turkey,2002,15.056000000000001
Turkey,2003,14.919999999999998
Turkey,2004,14.986
Turkey,2005,14.978
Turkey,2006,14.868
Turkey,2007,15.636000000000001
Turkey,2008,15.466
Turkey,2009,15.536000000000001
Turkey,2010,16.592000000000002
Turkey,2011,14.52
Turkey,2012,15.518
Turkey,2013,16.558
Uganda,1990,23.36
Uganda,1991,23.3
Uganda,1992,23.46
Uganda,1993,23.62
Uganda,1994,23.6
Uganda,1995,23.72
Uganda,1996,23.49
Uganda,1997,24.04
Uganda,1998,23.97
Uganda,1999,23.52
Uganda,2000,23.75
Uganda,2001,23.47
Uganda,2002,23.99
Uganda,2003,24.03
Uganda,2004,24.02
Uganda,2005,24.29
Uganda,2006,23.95
Uganda,2007,23.68
Uganda,2008,23.68
Uganda,2009,24.18
Uganda,2010,24.14
Uganda,2011,23.89
Uganda,2012,24.03
Uganda,2013,24.13
Ukraine,1990,8.9
Ukraine,1991,7.89
Ukraine,1992,8.07
Ukraine,1993,6.89
Ukraine,1994,7.98
Ukraine,1995,8.26
Ukraine,1996,7.0
Ukraine,1997,7.21
Ukraine,1998,7.74
Ukraine,1999,8.97
Ukraine,2000,8.82
Ukraine,2001,8.42
Ukraine,2002,8.87
Ukraine,2003,7.8
Ukraine,2004,8.32
Ukraine,2005,8.39
Ukraine,2006,7.88
Ukraine,2007,9.46
Ukraine,2008,9.24
Ukraine,2009,8.82
Ukraine,2010,8.97
Ukraine,2011,8.48
Ukraine,2012,8.56
Ukraine,2013,10.33
United Arab Emirates,1990,27.11
United Arab Emirates,1991,26.46
United Arab Emirates,1992,26.1
United Arab Emirates,1993,27.02
United Arab Emirates,1994,27.25
United Arab Emirates,1995,26.75
United Arab Emirates,1996,27.2
United Arab Emirates,1997,26.87
United Arab Emirates,1998,28.19
United Arab Emirates,1999,28.16
United Arab Emirates,2000,27.67
United Arab Emirates,2001,27.82
United Arab Emirates,2002,28.0
United Arab Emirates,2003,28.12
United Arab Emirates,2004,28.07
United Arab Emirates,2005,27.9
United Arab Emirates,2006,27.94
United Arab Emirates,2007,28.08
United Arab Emirates,2008,27.59
United Arab Emirates,2009,28.04
United Arab Emirates,2010,28.69
United Arab Emirates,2011,28.25
United Arab Emirates,2012,28.46
United Arab Emirates,2013,28.01
United Kingdom,1990,9.996
United Kingdom,1991,9.05
United Kingdom,1992,9.278
United Kingdom,1993,8.862
United Kingdom,1994,9.456
United Kingdom,1995,9.78
United Kingdom,1996,8.703999999999999
United Kingdom,1997,9.958
United Kingdom,1998,9.709999999999999
United Kingdom,1999,9.974
United Kingdom,2000,9.682
United Kingdom,2001,9.392
United Kingdom,2002,10.001999999999999
United Kingdom,2003,10.034
United Kingdom,2004,10.017999999999999
United Kingdom,2005,9.972
United Kingdom,2006,10.276
United Kingdom,2007,10.123999999999999
United Kingdom,2008,9.584
United Kingdom,2009,9.709999999999999
United Kingdom,2010,8.562000000000001
United Kingdom,2011,10.244
United Kingdom,2012,9.290000000000001
United Kingdom,2013,9.24
United States,1990,15.40846153846154
United States,1991,15.174423076923075
United States,1992,14.712115384615384
United States,1993,14.475769230769231
United States,1994,14.854807692307693
United States,1995,14.92326923076923
United States,1996,14.676346153846152
United States,1997,14.759615384615385
United States,1998,15.665961538461538
United States,1999,15.388076923076921
United States,2000,15.087115384615384
United States,2001,15.278653846153846
United States,2002,15.2675
United States,2003,15.026923076923076
United States,2004,15.110961538461538
United States,2005,15.328269230769232
United States,2006,15.658076923076923
United States,2007,15.319615384615386
United States,2008,14.90403846153846
United States,2009,14.900961538461539
United States,2010,15.06423076923077
United States,2011,15.338846153846154
United States,2012,16.111346153846153
United States,2013,16.438846153846153
Uruguay,1990,16.91
Uruguay,1991,16.95
Uruguay,1992,16.7
Uruguay,1993,16.81
Uruguay,1994,17.17
Uruguay,1995,16.66
Uruguay,1996,17.03
Uruguay,1997,17.46
Uruguay,1998,16.77
Uruguay,1999,16.62
Uruguay,2000,16.95
Uruguay,2001,17.61
Uruguay,2002,17.06
Uruguay,2003,16.7
Uruguay,2004,17.22
Uruguay,2005,17.13
Uruguay,2006,17.13
Uruguay,2007,16.53
Uruguay,2008,17.43
Uruguay,2009,16.96
Uruguay,2010,17.11
Uruguay,2011,16.9
Uruguay,2012,17.53
Uruguay,2013,15.92
Uzbekistan,1990,11.38
Uzbekistan,1991,10.95
Uzbekistan,1992,10.97
Uzbekistan,1993,10.11
Uzbekistan,1994,10.95
Uzbekistan,1995,11.54
Uzbekistan,1996,10.45
Uzbekistan,1997,11.77
Uzbekistan,1998,11.32
Uzbekistan,1999,11.65
Uzbekistan,2000,11.85
Uzbekistan,2001,11.99
Uzbekistan,2002,11.65
Uzbekistan,2003,11.25
Uzbekistan,2004,12.24
Uzbekistan,2005,11.75
Uzbekistan,2006,11.86
Uzbekistan,2007,11.79
Uzbekistan,2008,11.43
Uzbekistan,2009,11.49
Uzbekistan,2010,11.94
Uzbekistan,2011,11.35
Uzbekistan,2012,10.87
Uzbekistan,2013,13.66
Venezuela,1990,26.310000000000002
Venezuela,1991,26.130000000000003
Venezuela,1992,26.3
Venezuela,1993,26.332
Venezuela,1994,26.242
Venezuela,1995,26.496000000000002
Venezuela,1996,26.298000000000002
Venezuela,1997,26.504
Venezuela,1998,26.910000000000004
Venezuela,1999,26.008
Venezuela,2000,25.992
Venezuela,2001,26.496
Venezuela,2002,26.631999999999998
Venezuela,2003,26.654000000000003
Venezuela,2004,26.32
Venezuela,2005,26.694
Venezuela,2006,26.552
Venezuela,2007,26.666000000000004
Venezuela,2008,26.426
Venezuela,2009,26.895999999999997
Venezuela,2010,26.99
Venezuela,2011,26.416000000000004
Venezuela,2012,26.51
Venezuela,2013,26.598000000000003
Vietnam,1990,25.055
Vietnam,1991,24.935000000000002
Vietnam,1992,24.564999999999998
Vietnam,1993,24.625
Vietnam,1994,24.79
Vietnam,1995,24.58
Vietnam,1996,24.375
Vietnam,1997,24.86
Vietnam,1998,25.52
Vietnam,1999,24.759999999999998
Vietnam,2000,24.695
Vietnam,2001,24.81
Vietnam,2002,25.095
Vietnam,2003,25.225
Vietnam,2004,24.740000000000002
Vietnam,2005,24.895
Vietnam,2006,25.205
Vietnam,2007,25.065
Vietnam,2008,24.490000000000002
Vietnam,2009,25.22
Vietnam,2010,25.425
Vietnam,2011,24.355
Vietnam,2012,25.17
Vietnam,2013,25.78
Zambia,1990,21.43
Zambia,1991,20.84
Zambia,1992,21.85
Zambia,1993,21.0
Zambia,1994,21.2
Zambia,1995,21.86
Zambia,1996,21.19
Zambia,1997,20.9
Zambia,1998,21.32
Zambia,1999,20.53
Zambia,2000,20.66
Zambia,2001,20.9
Zambia,2002,21.55
Zambia,2003,21.16
Zambia,2004,20.79
Zambia,2005,21.97
Zambia,2006,21.05
Zambia,2007,20.87
Zambia,2008,20.66
Zambia,2009,20.76
Zambia,2010,21.34
Zambia,2011,20.88
Zambia,2012,20.8
Zambia,2013,20.14
Zimbabwe,1990,21.19
Zimbabwe,1991,20.95
Zimbabwe,1992,21.93
Zimbabwe,1993,20.88
Zimbabwe,1994,20.64
Zimbabwe,1995,21.57
Zimbabwe,1996,20.7
Zimbabwe,1997,20.63
Zimbabwe,1998,21.3
Zimbabwe,1999,20.44
Zimbabwe,2000,20.28
Zimbabwe,2001,20.86
Zimbabwe,2002,21.08
Zimbabwe,2003,20.89
Zimbabwe,2004,20.31
Zimbabwe,2005,21.49
Zimbabwe,2006,20.7
Zimbabwe,2007,20.75
Zimbabwe,2008,20.68
Zimbabwe,2009,20.52
Zimbabwe,2010,21.17
Zimbabwe,2011,20.78
Zimbabwe,2012,20.52
Zimbabwe,2013,19.76
